ciiu,tag,year,import_weighted_value,share_on_total_imports,variable,division,seccion,ciiu_nombre,pci,cog,distance,rca
06-X01,paises_interes,2020,75893970.54545456,0.00237805714439883,06-X01,Extracción de petróleo crudo y gas natural,Explotación de minas y canteras,Extracción De Gas Natural,-4.9234158789078775,-4.622802668204207,0.9333942361913172,0.0
06-X01,paises_interes,2021,80471985.81818181,0.0014655423448669798,06-X01,Extracción de petróleo crudo y gas natural,Explotación de minas y canteras,Extracción De Gas Natural,-4.9234158789078775,-4.622802668204207,0.9333942361913172,0.0
06-X01,paises_interes,2022,254304158.54545456,0.003091794969632861,06-X01,Extracción de petróleo crudo y gas natural,Explotación de minas y canteras,Extracción De Gas Natural,-4.9234158789078775,-4.622802668204207,0.9333942361913172,0.0
06-X01,paises_interes,2023,208098994.7272727,0.0030277968126343068,06-X01,Extracción de petróleo crudo y gas natural,Explotación de minas y canteras,Extracción De Gas Natural,-4.9234158789078775,-4.622802668204207,0.9333942361913172,0.0
06-X01,rest_of_world,2020,31838381396.7273,0.9976219428556011,06-X01,Extracción de petróleo crudo y gas natural,Explotación de minas y canteras,Extracción De Gas Natural,-4.9234158789078775,-4.622802668204207,0.9333942361913172,0.0
06-X01,rest_of_world,2021,54828883653.09095,0.9985344576551329,06-X01,Extracción de petróleo crudo y gas natural,Explotación de minas y canteras,Extracción De Gas Natural,-4.9234158789078775,-4.622802668204207,0.9333942361913172,0.0
06-X01,rest_of_world,2022,81996996798.72734,0.9969082050303671,06-X01,Extracción de petróleo crudo y gas natural,Explotación de minas y canteras,Extracción De Gas Natural,-4.9234158789078775,-4.622802668204207,0.9333942361913172,0.0
06-X01,rest_of_world,2023,68521412133.27278,0.9969722031873656,06-X01,Extracción de petróleo crudo y gas natural,Explotación de minas y canteras,Extracción De Gas Natural,-4.9234158789078775,-4.622802668204207,0.9333942361913172,0.0
10-X01,paises_interes,2020,128556587.7499999,0.07018101647316095,10-X01,Elaboración de productos alimenticios,Industrias manufactureras,Elaboración De Comidas Y Platos Preparados,1.539049765922791,0.6005242816302929,0.8179409495354271,0.0236113795499317
10-X01,paises_interes,2021,137618560.16666657,0.06517489387370728,10-X01,Elaboración de productos alimenticios,Industrias manufactureras,Elaboración De Comidas Y Platos Preparados,1.539049765922791,0.6005242816302929,0.8179409495354271,0.0236113795499317
10-X01,paises_interes,2022,177691626.6666665,0.06809419315514004,10-X01,Elaboración de productos alimenticios,Industrias manufactureras,Elaboración De Comidas Y Platos Preparados,1.539049765922791,0.6005242816302929,0.8179409495354271,0.0236113795499317
10-X01,paises_interes,2023,134249724.49999988,0.04688411358073639,10-X01,Elaboración de productos alimenticios,Industrias manufactureras,Elaboración De Comidas Y Platos Preparados,1.539049765922791,0.6005242816302929,0.8179409495354271,0.0236113795499317
10-X01,rest_of_world,2020,1703229188.666665,0.929818983526839,10-X01,Elaboración de productos alimenticios,Industrias manufactureras,Elaboración De Comidas Y Platos Preparados,1.539049765922791,0.6005242816302929,0.8179409495354271,0.0236113795499317
10-X01,rest_of_world,2021,1973908624.416665,0.9348251061262928,10-X01,Elaboración de productos alimenticios,Industrias manufactureras,Elaboración De Comidas Y Platos Preparados,1.539049765922791,0.6005242816302929,0.8179409495354271,0.0236113795499317
10-X01,rest_of_world,2022,2431805871.333331,0.9319058068448599,10-X01,Elaboración de productos alimenticios,Industrias manufactureras,Elaboración De Comidas Y Platos Preparados,1.539049765922791,0.6005242816302929,0.8179409495354271,0.0236113795499317
10-X01,rest_of_world,2023,2729187679.916664,0.9531158864192636,10-X01,Elaboración de productos alimenticios,Industrias manufactureras,Elaboración De Comidas Y Platos Preparados,1.539049765922791,0.6005242816302929,0.8179409495354271,0.0236113795499317
1010,paises_interes,2020,6861817.058037113,0.036581626544456534,1010,Elaboración de productos alimenticios,Industrias manufactureras,Elaboración Y Conservación De Carne ,0.074413432551381,0.2676317493653644,0.9935293030642732,0.6927395793181065
1010,paises_interes,2021,8701322.3312492,0.033363748003706895,1010,Elaboración de productos alimenticios,Industrias manufactureras,Elaboración Y Conservación De Carne ,0.074413432551381,0.2676317493653644,0.9935293030642732,0.6927395793181065
1010,paises_interes,2022,10908909.34564814,0.03028097276525925,1010,Elaboración de productos alimenticios,Industrias manufactureras,Elaboración Y Conservación De Carne ,0.074413432551381,0.2676317493653644,0.9935293030642732,0.6927395793181065
1010,paises_interes,2023,67058166.251402184,0.1533000184253426,1010,Elaboración de productos alimenticios,Industrias manufactureras,Elaboración Y Conservación De Carne ,0.074413432551381,0.2676317493653644,0.9935293030642732,0.6927395793181065
1010,rest_of_world,2020,180713687.5384618,0.9634183734555435,1010,Elaboración de productos alimenticios,Industrias manufactureras,Elaboración Y Conservación De Carne ,0.074413432551381,0.2676317493653644,0.9935293030642732,0.6927395793181065
1010,rest_of_world,2021,252100381.67042455,0.9666362519962931,1010,Elaboración de productos alimenticios,Industrias manufactureras,Elaboración Y Conservación De Carne ,0.074413432551381,0.2676317493653644,0.9935293030642732,0.6927395793181065
1010,rest_of_world,2022,349347329.1251222,0.9697190272347407,1010,Elaboración de productos alimenticios,Industrias manufactureras,Elaboración Y Conservación De Carne ,0.074413432551381,0.2676317493653644,0.9935293030642732,0.6927395793181065
1010,rest_of_world,2023,370372741.7172073,0.8466999815746573,1010,Elaboración de productos alimenticios,Industrias manufactureras,Elaboración Y Conservación De Carne ,0.074413432551381,0.2676317493653644,0.9935293030642732,0.6927395793181065
1073,paises_interes,2020,243954531.2746031,0.09543318759147254,1073,Elaboración de productos alimenticios,Industrias manufactureras,Elaboración De Cacao Y Chocolate Y De Productos De Confitería ,1.2241326139626834,0.5160761751075663,0.974624215035288,0.3945064599533357
1073,paises_interes,2021,252712173.59841263,0.08899150768032771,1073,Elaboración de productos alimenticios,Industrias manufactureras,Elaboración De Cacao Y Chocolate Y De Productos De Confitería ,1.2241326139626834,0.5160761751075663,0.974624215035288,0.3945064599533357
1073,paises_interes,2022,318818384.69841266,0.10006272890459243,1073,Elaboración de productos alimenticios,Industrias manufactureras,Elaboración De Cacao Y Chocolate Y De Productos De Confitería ,1.2241326139626834,0.5160761751075663,0.974624215035288,0.3945064599533357
1073,paises_interes,2023,259412111.63333327,0.08185488798199042,1073,Elaboración de productos alimenticios,Industrias manufactureras,Elaboración De Cacao Y Chocolate Y De Productos De Confitería ,1.2241326139626834,0.5160761751075663,0.974624215035288,0.3945064599533357
1073,rest_of_world,2020,2312331572.4539676,0.9045668124085275,1073,Elaboración de productos alimenticios,Industrias manufactureras,Elaboración De Cacao Y Chocolate Y De Productos De Confitería ,1.2241326139626834,0.5160761751075663,0.974624215035288,0.3945064599533357
1073,rest_of_world,2021,2587021416.5571423,0.9110084923196723,1073,Elaboración de productos alimenticios,Industrias manufactureras,Elaboración De Cacao Y Chocolate Y De Productos De Confitería ,1.2241326139626834,0.5160761751075663,0.974624215035288,0.3945064599533357
1073,rest_of_world,2022,2867366803.2190466,0.8999372710954074,1073,Elaboración de productos alimenticios,Industrias manufactureras,Elaboración De Cacao Y Chocolate Y De Productos De Confitería ,1.2241326139626834,0.5160761751075663,0.974624215035288,0.3945064599533357
1073,rest_of_world,2023,2909758576.0158725,0.9181451120180096,1073,Elaboración de productos alimenticios,Industrias manufactureras,Elaboración De Cacao Y Chocolate Y De Productos De Confitería ,1.2241326139626834,0.5160761751075663,0.974624215035288,0.3945064599533357
1080,paises_interes,2020,416582470.25,0.282076152827564,1080,Elaboración de productos alimenticios,Industrias manufactureras,Elaboración De Alimentos Preparados Para Animales ,-0.0777311435992578,0.2088994713999079,0.98899872678253,0.8497069278175695
1080,paises_interes,2021,455514489.75,0.24334569054148972,1080,Elaboración de productos alimenticios,Industrias manufactureras,Elaboración De Alimentos Preparados Para Animales ,-0.0777311435992578,0.2088994713999079,0.98899872678253,0.8497069278175695
1080,paises_interes,2022,510229550.75,0.22444691301881103,1080,Elaboración de productos alimenticios,Industrias manufactureras,Elaboración De Alimentos Preparados Para Animales ,-0.0777311435992578,0.2088994713999079,0.98899872678253,0.8497069278175695
1080,paises_interes,2023,373938782.5,0.19418560633378573,1080,Elaboración de productos alimenticios,Industrias manufactureras,Elaboración De Alimentos Preparados Para Animales ,-0.0777311435992578,0.2088994713999079,0.98899872678253,0.8497069278175695
1080,rest_of_world,2020,1060261517.0,0.717923847172436,1080,Elaboración de productos alimenticios,Industrias manufactureras,Elaboración De Alimentos Preparados Para Animales ,-0.0777311435992578,0.2088994713999079,0.98899872678253,0.8497069278175695
1080,rest_of_world,2021,1416367805.5,0.7566543094585103,1080,Elaboración de productos alimenticios,Industrias manufactureras,Elaboración De Alimentos Preparados Para Animales ,-0.0777311435992578,0.2088994713999079,0.98899872678253,0.8497069278175695
1080,rest_of_world,2022,1763045425.0,0.775553086981189,1080,Elaboración de productos alimenticios,Industrias manufactureras,Elaboración De Alimentos Preparados Para Animales ,-0.0777311435992578,0.2088994713999079,0.98899872678253,0.8497069278175695
1080,rest_of_world,2023,1551738354.75,0.8058143936662142,1080,Elaboración de productos alimenticios,Industrias manufactureras,Elaboración De Alimentos Preparados Para Animales ,-0.0777311435992578,0.2088994713999079,0.98899872678253,0.8497069278175695
1102,paises_interes,2020,919699.6363636362,0.0009735973262834018,1102,Elaboración de bebidas,Industrias manufactureras,Elaboración De Vinos ,4.452701494953877,1.683083686379635,0.9700936387535448,0.0607165857023298
1102,paises_interes,2021,1330491.2727272725,0.0010967067658306743,1102,Elaboración de bebidas,Industrias manufactureras,Elaboración De Vinos ,4.452701494953877,1.683083686379635,0.9700936387535448,0.0607165857023298
1102,paises_interes,2022,2120147.3636363633,0.0016652127745552248,1102,Elaboración de bebidas,Industrias manufactureras,Elaboración De Vinos ,4.452701494953877,1.683083686379635,0.9700936387535448,0.0607165857023298
1102,paises_interes,2023,5717557.363636363,0.004835538102896643,1102,Elaboración de bebidas,Industrias manufactureras,Elaboración De Vinos ,4.452701494953877,1.683083686379635,0.9700936387535448,0.0607165857023298
1102,rest_of_world,2020,943720976.2727271,0.9990264026737166,1102,Elaboración de bebidas,Industrias manufactureras,Elaboración De Vinos ,4.452701494953877,1.683083686379635,0.9700936387535448,0.0607165857023298
1102,rest_of_world,2021,1211839076.181818,0.9989032932341694,1102,Elaboración de bebidas,Industrias manufactureras,Elaboración De Vinos ,4.452701494953877,1.683083686379635,0.9700936387535448,0.0607165857023298
1102,rest_of_world,2022,1271078927.272727,0.9983347872254449,1102,Elaboración de bebidas,Industrias manufactureras,Elaboración De Vinos ,4.452701494953877,1.683083686379635,0.9700936387535448,0.0607165857023298
1102,rest_of_world,2023,1176685981.181818,0.9951644618971035,1102,Elaboración de bebidas,Industrias manufactureras,Elaboración De Vinos ,4.452701494953877,1.683083686379635,0.9700936387535448,0.0607165857023298
1610,paises_interes,2020,56060570.29251695,0.02066110857036546,1610,"Producción de madera y fabricación de productos de madera y corcho, excepto muebles; fabricación de artículos de paja y de materiales trenzables",Industrias manufactureras,Aserrado Y Acepilladura De Madera ,-1.4566414408287696,-0.3887337405196333,0.9800986613757277,0.940824434200343
1610,paises_interes,2021,74427907.34013598,0.01640254022346904,1610,"Producción de madera y fabricación de productos de madera y corcho, excepto muebles; fabricación de artículos de paja y de materiales trenzables",Industrias manufactureras,Aserrado Y Acepilladura De Madera ,-1.4566414408287696,-0.3887337405196333,0.9800986613757277,0.940824434200343
1610,paises_interes,2022,76614610.63265298,0.018901358324202033,1610,"Producción de madera y fabricación de productos de madera y corcho, excepto muebles; fabricación de artículos de paja y de materiales trenzables",Industrias manufactureras,Aserrado Y Acepilladura De Madera ,-1.4566414408287696,-0.3887337405196333,0.9800986613757277,0.940824434200343
1610,paises_interes,2023,62473268.401360475,0.025128087820216947,1610,"Producción de madera y fabricación de productos de madera y corcho, excepto muebles; fabricación de artículos de paja y de materiales trenzables",Industrias manufactureras,Aserrado Y Acepilladura De Madera ,-1.4566414408287696,-0.3887337405196333,0.9800986613757277,0.940824434200343
1610,rest_of_world,2020,2657277395.1700654,0.9793388914296345,1610,"Producción de madera y fabricación de productos de madera y corcho, excepto muebles; fabricación de artículos de paja y de materiales trenzables",Industrias manufactureras,Aserrado Y Acepilladura De Madera ,-1.4566414408287696,-0.3887337405196333,0.9800986613757277,0.940824434200343
1610,rest_of_world,2021,4463156291.578227,0.983597459776531,1610,"Producción de madera y fabricación de productos de madera y corcho, excepto muebles; fabricación de artículos de paja y de materiales trenzables",Industrias manufactureras,Aserrado Y Acepilladura De Madera ,-1.4566414408287696,-0.3887337405196333,0.9800986613757277,0.940824434200343
1610,rest_of_world,2022,3976777178.387751,0.981098641675798,1610,"Producción de madera y fabricación de productos de madera y corcho, excepto muebles; fabricación de artículos de paja y de materiales trenzables",Industrias manufactureras,Aserrado Y Acepilladura De Madera ,-1.4566414408287696,-0.3887337405196333,0.9800986613757277,0.940824434200343
1610,rest_of_world,2023,2423719427.5306096,0.9748719121797831,1610,"Producción de madera y fabricación de productos de madera y corcho, excepto muebles; fabricación de artículos de paja y de materiales trenzables",Industrias manufactureras,Aserrado Y Acepilladura De Madera ,-1.4566414408287696,-0.3887337405196333,0.9800986613757277,0.940824434200343
1622,paises_interes,2020,2819029138.591638,0.3652859793216548,1622,"Producción de madera y fabricación de productos de madera y corcho, excepto muebles; fabricación de artículos de paja y de materiales trenzables",Industrias manufactureras, Partes Y Piezas De Carpintería Para Edificios Y Construcciones ,-0.3218684026460222,-0.0395002787735113,0.9110637601216116,0.0618479777856602
1622,paises_interes,2021,3637357613.120687,0.36961332777643036,1622,"Producción de madera y fabricación de productos de madera y corcho, excepto muebles; fabricación de artículos de paja y de materiales trenzables",Industrias manufactureras, Partes Y Piezas De Carpintería Para Edificios Y Construcciones ,-0.3218684026460222,-0.0395002787735113,0.9110637601216116,0.0618479777856602
1622,paises_interes,2022,4003828501.65449,0.4505388041437713,1622,"Producción de madera y fabricación de productos de madera y corcho, excepto muebles; fabricación de artículos de paja y de materiales trenzables",Industrias manufactureras, Partes Y Piezas De Carpintería Para Edificios Y Construcciones ,-0.3218684026460222,-0.0395002787735113,0.9110637601216116,0.0618479777856602
1622,paises_interes,2023,2757013413.4265394,0.2968692944259213,1622,"Producción de madera y fabricación de productos de madera y corcho, excepto muebles; fabricación de artículos de paja y de materiales trenzables",Industrias manufactureras, Partes Y Piezas De Carpintería Para Edificios Y Construcciones ,-0.3218684026460222,-0.0395002787735113,0.9110637601216116,0.0618479777856602
1622,rest_of_world,2020,4898291804.92403,0.6347140206783451,1622,"Producción de madera y fabricación de productos de madera y corcho, excepto muebles; fabricación de artículos de paja y de materiales trenzables",Industrias manufactureras, Partes Y Piezas De Carpintería Para Edificios Y Construcciones ,-0.3218684026460222,-0.0395002787735113,0.9110637601216116,0.0618479777856602
1622,rest_of_world,2021,6203623054.440175,0.6303866722235697,1622,"Producción de madera y fabricación de productos de madera y corcho, excepto muebles; fabricación de artículos de paja y de materiales trenzables",Industrias manufactureras, Partes Y Piezas De Carpintería Para Edificios Y Construcciones ,-0.3218684026460222,-0.0395002787735113,0.9110637601216116,0.0618479777856602
1622,rest_of_world,2022,4882927677.457731,0.5494611958562288,1622,"Producción de madera y fabricación de productos de madera y corcho, excepto muebles; fabricación de artículos de paja y de materiales trenzables",Industrias manufactureras, Partes Y Piezas De Carpintería Para Edificios Y Construcciones ,-0.3218684026460222,-0.0395002787735113,0.9110637601216116,0.0618479777856602
1622,rest_of_world,2023,6529947094.759348,0.7031307055740789,1622,"Producción de madera y fabricación de productos de madera y corcho, excepto muebles; fabricación de artículos de paja y de materiales trenzables",Industrias manufactureras, Partes Y Piezas De Carpintería Para Edificios Y Construcciones ,-0.3218684026460222,-0.0395002787735113,0.9110637601216116,0.0618479777856602
17-X01,paises_interes,2020,1446809202.0208678,0.4388038012771291,17-X01,Fabricación de papel y de productos de papel,Industrias manufactureras, Papel Y Cartón Ondulado Y De Envases De Papel Y Cartón,1.844277806290612,0.6532508611808179,0.752555025412126,0.8127618392630589
17-X01,paises_interes,2021,1346694035.5232487,0.3819263805804117,17-X01,Fabricación de papel y de productos de papel,Industrias manufactureras, Papel Y Cartón Ondulado Y De Envases De Papel Y Cartón,1.844277806290612,0.6532508611808179,0.752555025412126,0.8127618392630589
17-X01,paises_interes,2022,1356057446.9189246,0.36038026701784,17-X01,Fabricación de papel y de productos de papel,Industrias manufactureras, Papel Y Cartón Ondulado Y De Envases De Papel Y Cartón,1.844277806290612,0.6532508611808179,0.752555025412126,0.8127618392630589
17-X01,paises_interes,2023,1101502663.510885,0.3287200352326337,17-X01,Fabricación de papel y de productos de papel,Industrias manufactureras, Papel Y Cartón Ondulado Y De Envases De Papel Y Cartón,1.844277806290612,0.6532508611808179,0.752555025412126,0.8127618392630589
17-X01,rest_of_world,2020,1850357317.0702627,0.561196198722871,17-X01,Fabricación de papel y de productos de papel,Industrias manufactureras, Papel Y Cartón Ondulado Y De Envases De Papel Y Cartón,1.844277806290612,0.6532508611808179,0.752555025412126,0.8127618392630589
17-X01,rest_of_world,2021,2179362565.9523664,0.6180736194195884,17-X01,Fabricación de papel y de productos de papel,Industrias manufactureras, Papel Y Cartón Ondulado Y De Envases De Papel Y Cartón,1.844277806290612,0.6532508611808179,0.752555025412126,0.8127618392630589
17-X01,rest_of_world,2022,2406794104.694459,0.6396197329821601,17-X01,Fabricación de papel y de productos de papel,Industrias manufactureras, Papel Y Cartón Ondulado Y De Envases De Papel Y Cartón,1.844277806290612,0.6532508611808179,0.752555025412126,0.8127618392630589
17-X01,rest_of_world,2023,2249381205.5887165,0.6712799647673663,17-X01,Fabricación de papel y de productos de papel,Industrias manufactureras, Papel Y Cartón Ondulado Y De Envases De Papel Y Cartón,1.844277806290612,0.6532508611808179,0.752555025412126,0.8127618392630589
1812,paises_interes,2020,124957758.33333321,0.2367107750897769,1812,Impresión y reproducción de grabaciones,Industrias manufactureras,Actividades De Servicios Relacionadas Con La Impresión ,-0.1313215089248676,0.0537838699488993,0.9755680850939844,0.5790422658485446
1812,paises_interes,2021,162645633.6666665,0.24385726670553282,1812,Impresión y reproducción de grabaciones,Industrias manufactureras,Actividades De Servicios Relacionadas Con La Impresión ,-0.1313215089248676,0.0537838699488993,0.9755680850939844,0.5790422658485446
1812,paises_interes,2022,215834158.99999976,0.272136761215666,1812,Impresión y reproducción de grabaciones,Industrias manufactureras,Actividades De Servicios Relacionadas Con La Impresión ,-0.1313215089248676,0.0537838699488993,0.9755680850939844,0.5790422658485446
1812,paises_interes,2023,172589323.33333316,0.2585267850043292,1812,Impresión y reproducción de grabaciones,Industrias manufactureras,Actividades De Servicios Relacionadas Con La Impresión ,-0.1313215089248676,0.0537838699488993,0.9755680850939844,0.5790422658485446
1812,rest_of_world,2020,402934384.66666627,0.7632892249102231,1812,Impresión y reproducción de grabaciones,Industrias manufactureras,Actividades De Servicios Relacionadas Con La Impresión ,-0.1313215089248676,0.0537838699488993,0.9755680850939844,0.5790422658485446
1812,rest_of_world,2021,504324991.66666615,0.7561427332944671,1812,Impresión y reproducción de grabaciones,Industrias manufactureras,Actividades De Servicios Relacionadas Con La Impresión ,-0.1313215089248676,0.0537838699488993,0.9755680850939844,0.5790422658485446
1812,rest_of_world,2022,577275004.3333328,0.727863238784334,1812,Impresión y reproducción de grabaciones,Industrias manufactureras,Actividades De Servicios Relacionadas Con La Impresión ,-0.1313215089248676,0.0537838699488993,0.9755680850939844,0.5790422658485446
1812,rest_of_world,2023,494998459.9999994,0.7414732149956709,1812,Impresión y reproducción de grabaciones,Industrias manufactureras,Actividades De Servicios Relacionadas Con La Impresión ,-0.1313215089248676,0.0537838699488993,0.9755680850939844,0.5790422658485446
2012,paises_interes,2020,18099613.827304833,0.03157676208461742,2012,Fabricación de sustancias y productos químicos,Industrias manufactureras, Abonos Y Compuestos De Nitrógeno ,1.8779319757974,0.8601357660990742,0.9788636031522564,0.7196574899563136
2012,paises_interes,2021,24386480.966751914,0.024791352460602316,2012,Fabricación de sustancias y productos químicos,Industrias manufactureras, Abonos Y Compuestos De Nitrógeno ,1.8779319757974,0.8601357660990742,0.9788636031522564,0.7196574899563136
2012,paises_interes,2022,32587798.168067224,0.024329110405520216,2012,Fabricación de sustancias y productos químicos,Industrias manufactureras, Abonos Y Compuestos De Nitrógeno ,1.8779319757974,0.8601357660990742,0.9788636031522564,0.7196574899563136
2012,paises_interes,2023,20509599.195713066,0.02132688493755769,2012,Fabricación de sustancias y productos químicos,Industrias manufactureras, Abonos Y Compuestos De Nitrógeno ,1.8779319757974,0.8601357660990742,0.9788636031522564,0.7196574899563136
2012,rest_of_world,2020,555094489.4440384,0.9684232379153825,2012,Fabricación de sustancias y productos químicos,Industrias manufactureras, Abonos Y Compuestos De Nitrógeno ,1.8779319757974,0.8601357660990742,0.9788636031522564,0.7196574899563136
2012,rest_of_world,2021,959282361.0420166,0.9752086475393976,2012,Fabricación de sustancias y productos químicos,Industrias manufactureras, Abonos Y Compuestos De Nitrógeno ,1.8779319757974,0.8601357660990742,0.9788636031522564,0.7196574899563136
2012,rest_of_world,2022,1306869240.1243453,0.9756708895944798,2012,Fabricación de sustancias y productos químicos,Industrias manufactureras, Abonos Y Compuestos De Nitrógeno ,1.8779319757974,0.8601357660990742,0.9788636031522564,0.7196574899563136
2012,rest_of_world,2023,941168548.1644135,0.9786731150624424,2012,Fabricación de sustancias y productos químicos,Industrias manufactureras, Abonos Y Compuestos De Nitrógeno ,1.8779319757974,0.8601357660990742,0.9788636031522564,0.7196574899563136
2029,paises_interes,2020,42447706.819444455,0.05970990720612056,2029,Fabricación de sustancias y productos químicos,Industrias manufactureras, Otros Productos Químicos N.C.P. ,0.5679007590797953,0.4810509617390688,0.9964490077791742,0.707018091020001
2029,paises_interes,2021,46701527.59722223,0.05107520530355152,2029,Fabricación de sustancias y productos químicos,Industrias manufactureras, Otros Productos Químicos N.C.P. ,0.5679007590797953,0.4810509617390688,0.9964490077791742,0.707018091020001
2029,paises_interes,2022,50103965.40151516,0.04610653595902929,2029,Fabricación de sustancias y productos químicos,Industrias manufactureras, Otros Productos Químicos N.C.P. ,0.5679007590797953,0.4810509617390688,0.9964490077791742,0.707018091020001
2029,paises_interes,2023,44421180.76010102,0.04085988859277027,2029,Fabricación de sustancias y productos químicos,Industrias manufactureras, Otros Productos Químicos N.C.P. ,0.5679007590797953,0.4810509617390688,0.9964490077791742,0.707018091020001
2029,rest_of_world,2020,668451184.2626264,0.9402900927938795,2029,Fabricación de sustancias y productos químicos,Industrias manufactureras, Otros Productos Químicos N.C.P. ,0.5679007590797953,0.4810509617390688,0.9964490077791742,0.707018091020001
2029,rest_of_world,2021,867666360.29798,0.9489247946964485,2029,Fabricación de sustancias y productos químicos,Industrias manufactureras, Otros Productos Químicos N.C.P. ,0.5679007590797953,0.4810509617390688,0.9964490077791742,0.707018091020001
2029,rest_of_world,2022,1036595877.8926768,0.9538934640409706,2029,Fabricación de sustancias y productos químicos,Industrias manufactureras, Otros Productos Químicos N.C.P. ,0.5679007590797953,0.4810509617390688,0.9964490077791742,0.707018091020001
2029,rest_of_world,2023,1042737455.4962122,0.9591401114072297,2029,Fabricación de sustancias y productos químicos,Industrias manufactureras, Otros Productos Químicos N.C.P. ,0.5679007590797953,0.4810509617390688,0.9964490077791742,0.707018091020001
25-X01,paises_interes,2020,5908892667.694646,0.09403324174313238,25-X01,"Fabricación de productos elaborados de metal, excepto maquinaria y equipo",Industrias manufactureras," Artículos De Cuchillería, Herramientas De Mano Y Artículos De Ferretería",1.6452666339327529,0.5857159986768389,0.9187433320802204,0.1335485050320586
25-X01,paises_interes,2021,7517091221.279582,0.10556440363678918,25-X01,"Fabricación de productos elaborados de metal, excepto maquinaria y equipo",Industrias manufactureras," Artículos De Cuchillería, Herramientas De Mano Y Artículos De Ferretería",1.6452666339327529,0.5857159986768389,0.9187433320802204,0.1335485050320586
25-X01,paises_interes,2022,8182677244.1419525,0.10539964536889157,25-X01,"Fabricación de productos elaborados de metal, excepto maquinaria y equipo",Industrias manufactureras," Artículos De Cuchillería, Herramientas De Mano Y Artículos De Ferretería",1.6452666339327529,0.5857159986768389,0.9187433320802204,0.1335485050320586
25-X01,paises_interes,2023,6905136816.622957,0.0772873874230328,25-X01,"Fabricación de productos elaborados de metal, excepto maquinaria y equipo",Industrias manufactureras," Artículos De Cuchillería, Herramientas De Mano Y Artículos De Ferretería",1.6452666339327529,0.5857159986768389,0.9187433320802204,0.1335485050320586
25-X01,rest_of_world,2020,56929445755.6023,0.9059667582568676,25-X01,"Fabricación de productos elaborados de metal, excepto maquinaria y equipo",Industrias manufactureras," Artículos De Cuchillería, Herramientas De Mano Y Artículos De Ferretería",1.6452666339327529,0.5857159986768389,0.9187433320802204,0.1335485050320586
25-X01,rest_of_world,2021,63691488208.04498,0.8944355963632108,25-X01,"Fabricación de productos elaborados de metal, excepto maquinaria y equipo",Industrias manufactureras," Artículos De Cuchillería, Herramientas De Mano Y Artículos De Ferretería",1.6452666339327529,0.5857159986768389,0.9187433320802204,0.1335485050320586
25-X01,rest_of_world,2022,69452092925.18016,0.8946003546311084,25-X01,"Fabricación de productos elaborados de metal, excepto maquinaria y equipo",Industrias manufactureras," Artículos De Cuchillería, Herramientas De Mano Y Artículos De Ferretería",1.6452666339327529,0.5857159986768389,0.9187433320802204,0.1335485050320586
25-X01,rest_of_world,2023,82438507041.1732,0.9227126125769672,25-X01,"Fabricación de productos elaborados de metal, excepto maquinaria y equipo",Industrias manufactureras," Artículos De Cuchillería, Herramientas De Mano Y Artículos De Ferretería",1.6452666339327529,0.5857159986768389,0.9187433320802204,0.1335485050320586
2591,paises_interes,2020,1102811759.7142859,0.07957092599456297,2591,"Fabricación de productos elaborados de metal, excepto maquinaria y equipo",Industrias manufactureras,"Forja, Prensado, Estampado Y Laminado De Metales; Pulvimetalurgia ",2.2613971862640305,0.7123932726147613,0.9654671948854476,0.0795109288640808
2591,paises_interes,2021,1515348352.4285717,0.08462405367124948,2591,"Fabricación de productos elaborados de metal, excepto maquinaria y equipo",Industrias manufactureras,"Forja, Prensado, Estampado Y Laminado De Metales; Pulvimetalurgia ",2.2613971862640305,0.7123932726147613,0.9654671948854476,0.0795109288640808
2591,paises_interes,2022,1421665364.357143,0.07175852015807609,2591,"Fabricación de productos elaborados de metal, excepto maquinaria y equipo",Industrias manufactureras,"Forja, Prensado, Estampado Y Laminado De Metales; Pulvimetalurgia ",2.2613971862640305,0.7123932726147613,0.9654671948854476,0.0795109288640808
2591,paises_interes,2023,1302194443.357143,0.06146737138109941,2591,"Fabricación de productos elaborados de metal, excepto maquinaria y equipo",Industrias manufactureras,"Forja, Prensado, Estampado Y Laminado De Metales; Pulvimetalurgia ",2.2613971862640305,0.7123932726147613,0.9654671948854476,0.0795109288640808
2591,rest_of_world,2020,12756669526.07143,0.9204290740054369,2591,"Fabricación de productos elaborados de metal, excepto maquinaria y equipo",Industrias manufactureras,"Forja, Prensado, Estampado Y Laminado De Metales; Pulvimetalurgia ",2.2613971862640305,0.7123932726147613,0.9654671948854476,0.0795109288640808
2591,rest_of_world,2021,16391479395.571432,0.9153759463287505,2591,"Fabricación de productos elaborados de metal, excepto maquinaria y equipo",Industrias manufactureras,"Forja, Prensado, Estampado Y Laminado De Metales; Pulvimetalurgia ",2.2613971862640305,0.7123932726147613,0.9654671948854476,0.0795109288640808
2591,rest_of_world,2022,18390133446.785717,0.9282414798419238,2591,"Fabricación de productos elaborados de metal, excepto maquinaria y equipo",Industrias manufactureras,"Forja, Prensado, Estampado Y Laminado De Metales; Pulvimetalurgia ",2.2613971862640305,0.7123932726147613,0.9654671948854476,0.0795109288640808
2591,rest_of_world,2023,19882938645.928574,0.9385326286189005,2591,"Fabricación de productos elaborados de metal, excepto maquinaria y equipo",Industrias manufactureras,"Forja, Prensado, Estampado Y Laminado De Metales; Pulvimetalurgia ",2.2613971862640305,0.7123932726147613,0.9654671948854476,0.0795109288640808
26-X01,paises_interes,2020,854986435.0477799,0.17711535022051034,26-X01,"Fabricación de productos de informática, de electrónica y de óptica",Industrias manufactureras, Relojes,1.856772836983906,0.8525663188842831,0.969997771167191,0.0010968365668076
26-X01,paises_interes,2021,934486841.5168793,0.1757468156489789,26-X01,"Fabricación de productos de informática, de electrónica y de óptica",Industrias manufactureras, Relojes,1.856772836983906,0.8525663188842831,0.969997771167191,0.0010968365668076
26-X01,paises_interes,2022,1026794045.7054132,0.18350812996101837,26-X01,"Fabricación de productos de informática, de electrónica y de óptica",Industrias manufactureras, Relojes,1.856772836983906,0.8525663188842831,0.969997771167191,0.0010968365668076
26-X01,paises_interes,2023,850074041.4417534,0.14446396777813228,26-X01,"Fabricación de productos de informática, de electrónica y de óptica",Industrias manufactureras, Relojes,1.856772836983906,0.8525663188842831,0.969997771167191,0.0010968365668076
26-X01,rest_of_world,2020,3972299477.6826158,0.8228846497794897,26-X01,"Fabricación de productos de informática, de electrónica y de óptica",Industrias manufactureras, Relojes,1.856772836983906,0.8525663188842831,0.969997771167191,0.0010968365668076
26-X01,rest_of_world,2021,4382746577.854658,0.8242531843510211,26-X01,"Fabricación de productos de informática, de electrónica y de óptica",Industrias manufactureras, Relojes,1.856772836983906,0.8525663188842831,0.969997771167191,0.0010968365668076
26-X01,rest_of_world,2022,4568565930.572093,0.8164918700389817,26-X01,"Fabricación de productos de informática, de electrónica y de óptica",Industrias manufactureras, Relojes,1.856772836983906,0.8525663188842831,0.969997771167191,0.0010968365668076
26-X01,rest_of_world,2023,5034258602.302996,0.8555360322218677,26-X01,"Fabricación de productos de informática, de electrónica y de óptica",Industrias manufactureras, Relojes,1.856772836983906,0.8525663188842831,0.969997771167191,0.0010968365668076
2610,paises_interes,2020,3006078556.572812,0.31042654619869636,2610,"Fabricación de productos de informática, de electrónica y de óptica",Industrias manufactureras, Componentes Y Tableros Electrónicos ,2.248325390246715,0.7997217312589802,0.9353685902670376,0.1129243719583959
2610,paises_interes,2021,3665971014.1405725,0.31273146474691393,2610,"Fabricación de productos de informática, de electrónica y de óptica",Industrias manufactureras, Componentes Y Tableros Electrónicos ,2.248325390246715,0.7997217312589802,0.9353685902670376,0.1129243719583959
2610,paises_interes,2022,4453521560.694445,0.33533825825106883,2610,"Fabricación de productos de informática, de electrónica y de óptica",Industrias manufactureras, Componentes Y Tableros Electrónicos ,2.248325390246715,0.7997217312589802,0.9353685902670376,0.1129243719583959
2610,paises_interes,2023,3620675925.815235,0.2890900622777004,2610,"Fabricación de productos de informática, de electrónica y de óptica",Industrias manufactureras, Componentes Y Tableros Electrónicos ,2.248325390246715,0.7997217312589802,0.9353685902670376,0.1129243719583959
2610,rest_of_world,2020,6677624700.714647,0.6895734538013035,2610,"Fabricación de productos de informática, de electrónica y de óptica",Industrias manufactureras, Componentes Y Tableros Electrónicos ,2.248325390246715,0.7997217312589802,0.9353685902670376,0.1129243719583959
2610,rest_of_world,2021,8056453581.374159,0.687268535253086,2610,"Fabricación de productos de informática, de electrónica y de óptica",Industrias manufactureras, Componentes Y Tableros Electrónicos ,2.248325390246715,0.7997217312589802,0.9353685902670376,0.1129243719583959
2610,rest_of_world,2022,8827162796.412458,0.6646617417489312,2610,"Fabricación de productos de informática, de electrónica y de óptica",Industrias manufactureras, Componentes Y Tableros Electrónicos ,2.248325390246715,0.7997217312589802,0.9353685902670376,0.1129243719583959
2610,rest_of_world,2023,8903711447.75421,0.7109099377222996,2610,"Fabricación de productos de informática, de electrónica y de óptica",Industrias manufactureras, Componentes Y Tableros Electrónicos ,2.248325390246715,0.7997217312589802,0.9353685902670376,0.1129243719583959
2620,paises_interes,2020,1074755165.857143,0.4591842193691408,2620,"Fabricación de productos de informática, de electrónica y de óptica",Industrias manufactureras, Ordenadores  Y Equipo Periférico ,2.770379062094644,0.8417443245718176,0.9381702186883214,0.0
2620,paises_interes,2021,1284384931.1428573,0.4399363419285133,2620,"Fabricación de productos de informática, de electrónica y de óptica",Industrias manufactureras, Ordenadores  Y Equipo Periférico ,2.770379062094644,0.8417443245718176,0.9381702186883214,0.0
2620,paises_interes,2022,1359979454.7857146,0.4315917465639106,2620,"Fabricación de productos de informática, de electrónica y de óptica",Industrias manufactureras, Ordenadores  Y Equipo Periférico ,2.770379062094644,0.8417443245718176,0.9381702186883214,0.0
2620,paises_interes,2023,836197478.2142856,0.3716397833197657,2620,"Fabricación de productos de informática, de electrónica y de óptica",Industrias manufactureras, Ordenadores  Y Equipo Periférico ,2.770379062094644,0.8417443245718176,0.9381702186883214,0.0
2620,rest_of_world,2020,1265819968.3095238,0.5408157806308591,2620,"Fabricación de productos de informática, de electrónica y de óptica",Industrias manufactureras, Ordenadores  Y Equipo Periférico ,2.770379062094644,0.8417443245718176,0.9381702186883214,0.0
2620,rest_of_world,2021,1635094113.2857141,0.5600636580714866,2620,"Fabricación de productos de informática, de electrónica y de óptica",Industrias manufactureras, Ordenadores  Y Equipo Periférico ,2.770379062094644,0.8417443245718176,0.9381702186883214,0.0
2620,rest_of_world,2022,1791099002.1428568,0.5684082534360894,2620,"Fabricación de productos de informática, de electrónica y de óptica",Industrias manufactureras, Ordenadores  Y Equipo Periférico ,2.770379062094644,0.8417443245718176,0.9381702186883214,0.0
2620,rest_of_world,2023,1413823955.8333333,0.6283602166802342,2620,"Fabricación de productos de informática, de electrónica y de óptica",Industrias manufactureras, Ordenadores  Y Equipo Periférico ,2.770379062094644,0.8417443245718176,0.9381702186883214,0.0
2710,paises_interes,2020,1346228411.489013,0.2193314829097692,2710,Fabricación de equipo eléctrico,Industrias manufactureras," Motores, Generadores Y Transformadores Eléctricos Y Aparatos De Distribución Y Control De La Energía Eléctrica ",4.662869043722084,1.9796498073466136,0.9786653517884126,0.3117147726246234
2710,paises_interes,2021,1708612236.229992,0.2361179977288593,2710,Fabricación de equipo eléctrico,Industrias manufactureras," Motores, Generadores Y Transformadores Eléctricos Y Aparatos De Distribución Y Control De La Energía Eléctrica ",4.662869043722084,1.9796498073466136,0.9786653517884126,0.3117147726246234
2710,paises_interes,2022,1942036199.7132862,0.22989647670019772,2710,Fabricación de equipo eléctrico,Industrias manufactureras," Motores, Generadores Y Transformadores Eléctricos Y Aparatos De Distribución Y Control De La Energía Eléctrica ",4.662869043722084,1.9796498073466136,0.9786653517884126,0.3117147726246234
2710,paises_interes,2023,1491554582.2927425,0.16419661139816816,2710,Fabricación de equipo eléctrico,Industrias manufactureras," Motores, Generadores Y Transformadores Eléctricos Y Aparatos De Distribución Y Control De La Energía Eléctrica ",4.662869043722084,1.9796498073466136,0.9786653517884126,0.3117147726246234
2710,rest_of_world,2020,4791642876.432011,0.7806685170902309,2710,Fabricación de equipo eléctrico,Industrias manufactureras," Motores, Generadores Y Transformadores Eléctricos Y Aparatos De Distribución Y Control De La Energía Eléctrica ",4.662869043722084,1.9796498073466136,0.9786653517884126,0.3117147726246234
2710,rest_of_world,2021,5527652058.167582,0.7638820022711407,2710,Fabricación de equipo eléctrico,Industrias manufactureras," Motores, Generadores Y Transformadores Eléctricos Y Aparatos De Distribución Y Control De La Energía Eléctrica ",4.662869043722084,1.9796498073466136,0.9786653517884126,0.3117147726246234
2710,rest_of_world,2022,6505401654.003138,0.7701035232998023,2710,Fabricación de equipo eléctrico,Industrias manufactureras," Motores, Generadores Y Transformadores Eléctricos Y Aparatos De Distribución Y Control De La Energía Eléctrica ",4.662869043722084,1.9796498073466136,0.9786653517884126,0.3117147726246234
2710,rest_of_world,2023,7592400132.678817,0.8358033886018318,2710,Fabricación de equipo eléctrico,Industrias manufactureras," Motores, Generadores Y Transformadores Eléctricos Y Aparatos De Distribución Y Control De La Energía Eléctrica ",4.662869043722084,1.9796498073466136,0.9786653517884126,0.3117147726246234
2740,paises_interes,2020,4326420901.0,0.6837031803864559,2740,Fabricación de equipo eléctrico,Industrias manufactureras, Equipo Eléctrico De Iluminación ,4.662869043722084,1.9796498073466136,0.9783503919399492,0.108724155889817
2740,paises_interes,2021,5517213669.0,0.7202347661082547,2740,Fabricación de equipo eléctrico,Industrias manufactureras, Equipo Eléctrico De Iluminación ,4.662869043722084,1.9796498073466136,0.9783503919399492,0.108724155889817
2740,paises_interes,2022,5106776958.230769,0.8272627368968698,2740,Fabricación de equipo eléctrico,Industrias manufactureras, Equipo Eléctrico De Iluminación ,4.662869043722084,1.9796498073466136,0.9783503919399492,0.108724155889817
2740,paises_interes,2023,4125875789.6923075,0.657955631767181,2740,Fabricación de equipo eléctrico,Industrias manufactureras, Equipo Eléctrico De Iluminación ,4.662869043722084,1.9796498073466136,0.9783503919399492,0.108724155889817
2740,rest_of_world,2020,2001501836.6923077,0.31629681961354406,2740,Fabricación de equipo eléctrico,Industrias manufactureras, Equipo Eléctrico De Iluminación ,4.662869043722084,1.9796498073466136,0.9783503919399492,0.108724155889817
2740,rest_of_world,2021,2143085345.4615383,0.2797652338917453,2740,Fabricación de equipo eléctrico,Industrias manufactureras, Equipo Eléctrico De Iluminación ,4.662869043722084,1.9796498073466136,0.9783503919399492,0.108724155889817
2740,rest_of_world,2022,1066324682.2307692,0.17273726310313017,2740,Fabricación de equipo eléctrico,Industrias manufactureras, Equipo Eléctrico De Iluminación ,4.662869043722084,1.9796498073466136,0.9783503919399492,0.108724155889817
2740,rest_of_world,2023,2144874988.1538463,0.3420443682328191,2740,Fabricación de equipo eléctrico,Industrias manufactureras, Equipo Eléctrico De Iluminación ,4.662869043722084,1.9796498073466136,0.9783503919399492,0.108724155889817
2750,paises_interes,2020,969044286.4824554,0.4945420234020331,2750,Fabricación de equipo eléctrico,Industrias manufactureras, Aparatos De Uso Doméstico ,3.5387791551652583,1.4579214373377811,0.975921023468874,0.0476123650336842
2750,paises_interes,2021,1114444628.917543,0.47758960733572575,2750,Fabricación de equipo eléctrico,Industrias manufactureras, Aparatos De Uso Doméstico ,3.5387791551652583,1.4579214373377811,0.975921023468874,0.0476123650336842
2750,paises_interes,2022,1109544510.6789465,0.41233700338475865,2750,Fabricación de equipo eléctrico,Industrias manufactureras, Aparatos De Uso Doméstico ,3.5387791551652583,1.4579214373377811,0.975921023468874,0.0476123650336842
2750,paises_interes,2023,915506791.4175432,0.3503487693282758,2750,Fabricación de equipo eléctrico,Industrias manufactureras, Aparatos De Uso Doméstico ,3.5387791551652583,1.4579214373377811,0.975921023468874,0.0476123650336842
2750,rest_of_world,2020,990433858.1982448,0.5054579765979668,2750,Fabricación de equipo eléctrico,Industrias manufactureras, Aparatos De Uso Doméstico ,3.5387791551652583,1.4579214373377811,0.975921023468874,0.0476123650336842
2750,rest_of_world,2021,1219032925.4508762,0.5224103926642742,2750,Fabricación de equipo eléctrico,Industrias manufactureras, Aparatos De Uso Doméstico ,3.5387791551652583,1.4579214373377811,0.975921023468874,0.0476123650336842
2750,rest_of_world,2022,1581323642.242104,0.5876629966152414,2750,Fabricación de equipo eléctrico,Industrias manufactureras, Aparatos De Uso Doméstico ,3.5387791551652583,1.4579214373377811,0.975921023468874,0.0476123650336842
2750,rest_of_world,2023,1697622956.8982441,0.6496512306717241,2750,Fabricación de equipo eléctrico,Industrias manufactureras, Aparatos De Uso Doméstico ,3.5387791551652583,1.4579214373377811,0.975921023468874,0.0476123650336842
2819,paises_interes,2020,1741652047.8952382,0.23683401388976077,2819,Fabricación de maquinaria y equipo n.c.p.,Industrias manufactureras, Otros Tipos De Maquinaria De Uso General ,1.8445403846468305,0.9056887373525532,0.9941605905701976,0.0861327071197677
2819,paises_interes,2021,2079150554.3515875,0.23415731992363606,2819,Fabricación de maquinaria y equipo n.c.p.,Industrias manufactureras, Otros Tipos De Maquinaria De Uso General ,1.8445403846468305,0.9056887373525532,0.9941605905701976,0.0861327071197677
2819,paises_interes,2022,2196934578.5904765,0.2232658168284719,2819,Fabricación de maquinaria y equipo n.c.p.,Industrias manufactureras, Otros Tipos De Maquinaria De Uso General ,1.8445403846468305,0.9056887373525532,0.9941605905701976,0.0861327071197677
2819,paises_interes,2023,1770130167.7563493,0.17418327885983,2819,Fabricación de maquinaria y equipo n.c.p.,Industrias manufactureras, Otros Tipos De Maquinaria De Uso General ,1.8445403846468305,0.9056887373525532,0.9941605905701976,0.0861327071197677
2819,rest_of_world,2020,5612241167.400795,0.7631659861102392,2819,Fabricación de maquinaria y equipo n.c.p.,Industrias manufactureras, Otros Tipos De Maquinaria De Uso General ,1.8445403846468305,0.9056887373525532,0.9941605905701976,0.0861327071197677
2819,rest_of_world,2021,6800138613.416668,0.7658426800763639,2819,Fabricación de maquinaria y equipo n.c.p.,Industrias manufactureras, Otros Tipos De Maquinaria De Uso General ,1.8445403846468305,0.9056887373525532,0.9941605905701976,0.0861327071197677
2819,rest_of_world,2022,7643060678.176986,0.7767341831715281,2819,Fabricación de maquinaria y equipo n.c.p.,Industrias manufactureras, Otros Tipos De Maquinaria De Uso General ,1.8445403846468305,0.9056887373525532,0.9941605905701976,0.0861327071197677
2819,rest_of_world,2023,8392327327.264288,0.8258167211401699,2819,Fabricación de maquinaria y equipo n.c.p.,Industrias manufactureras, Otros Tipos De Maquinaria De Uso General ,1.8445403846468305,0.9056887373525532,0.9941605905701976,0.0861327071197677
2829,paises_interes,2020,1914931620.5666668,0.4025237978190742,2829,Fabricación de maquinaria y equipo n.c.p.,Industrias manufactureras, Otros Tipos De Maquinaria De Uso Especial ,4.209007317729475,1.3250541981053496,0.9888686257744392,0.8002907611191501
2829,paises_interes,2021,2237446117.6000004,0.36421326099866,2829,Fabricación de maquinaria y equipo n.c.p.,Industrias manufactureras, Otros Tipos De Maquinaria De Uso Especial ,4.209007317729475,1.3250541981053496,0.9888686257744392,0.8002907611191501
2829,paises_interes,2022,2509487299.766667,0.3456824352898042,2829,Fabricación de maquinaria y equipo n.c.p.,Industrias manufactureras, Otros Tipos De Maquinaria De Uso Especial ,4.209007317729475,1.3250541981053496,0.9888686257744392,0.8002907611191501
2829,paises_interes,2023,1684324244.1000001,0.28369336087761177,2829,Fabricación de maquinaria y equipo n.c.p.,Industrias manufactureras, Otros Tipos De Maquinaria De Uso Especial ,4.209007317729475,1.3250541981053496,0.9888686257744392,0.8002907611191501
2829,rest_of_world,2020,2842381191.6,0.5974762021809258,2829,Fabricación de maquinaria y equipo n.c.p.,Industrias manufactureras, Otros Tipos De Maquinaria De Uso Especial ,4.209007317729475,1.3250541981053496,0.9888686257744392,0.8002907611191501
2829,rest_of_world,2021,3905784668.3,0.63578673900134,2829,Fabricación de maquinaria y equipo n.c.p.,Industrias manufactureras, Otros Tipos De Maquinaria De Uso Especial ,4.209007317729475,1.3250541981053496,0.9888686257744392,0.8002907611191501
2829,rest_of_world,2022,4750029075.900001,0.6543175647101958,2829,Fabricación de maquinaria y equipo n.c.p.,Industrias manufactureras, Otros Tipos De Maquinaria De Uso Especial ,4.209007317729475,1.3250541981053496,0.9888686257744392,0.8002907611191501
2829,rest_of_world,2023,4252805334.4333334,0.7163066391223882,2829,Fabricación de maquinaria y equipo n.c.p.,Industrias manufactureras, Otros Tipos De Maquinaria De Uso Especial ,4.209007317729475,1.3250541981053496,0.9888686257744392,0.8002907611191501
3220,paises_interes,2020,57630485.000000045,0.4315811751052953,3220,Otras industrias manufactureras,Industrias manufactureras, Instrumentos De Música ,1.7681923087114173,0.7923289573949188,0.9129877655222988,0.0
3220,paises_interes,2021,77705287.29166673,0.46179925169364344,3220,Otras industrias manufactureras,Industrias manufactureras, Instrumentos De Música ,1.7681923087114173,0.7923289573949188,0.9129877655222988,0.0
3220,paises_interes,2022,83779150.00000006,0.4594419661098214,3220,Otras industrias manufactureras,Industrias manufactureras, Instrumentos De Música ,1.7681923087114173,0.7923289573949188,0.9129877655222988,0.0
3220,paises_interes,2023,62052906.41666672,0.3611033017100452,3220,Otras industrias manufactureras,Industrias manufactureras, Instrumentos De Música ,1.7681923087114173,0.7923289573949188,0.9129877655222988,0.0
3220,rest_of_world,2020,75902876.33333339,0.5684188248947047,3220,Otras industrias manufactureras,Industrias manufactureras, Instrumentos De Música ,1.7681923087114173,0.7923289573949188,0.9129877655222988,0.0
3220,rest_of_world,2021,90561090.37500007,0.5382007483063566,3220,Otras industrias manufactureras,Industrias manufactureras, Instrumentos De Música ,1.7681923087114173,0.7923289573949188,0.9129877655222988,0.0
3220,rest_of_world,2022,98570648.62500007,0.5405580338901786,3220,Otras industrias manufactureras,Industrias manufactureras, Instrumentos De Música ,1.7681923087114173,0.7923289573949188,0.9129877655222988,0.0
3220,rest_of_world,2023,109789627.62500009,0.6388966982899549,3220,Otras industrias manufactureras,Industrias manufactureras, Instrumentos De Música ,1.7681923087114173,0.7923289573949188,0.9129877655222988,0.0
