product_hs92_code_4d,product_hs92_name_4d,product_hs92_code_2d,product_hs92_name_2d,product_hs92_code_1d,product_hs92_name_1d
0101,Horses,01,Live animals,1,Agriculture
0102,Bovine,01,Live animals,1,Agriculture
0103,Swine,01,Live animals,1,Agriculture
0104,Sheep,01,Live animals,1,Agriculture
0105,Fowl,01,Live animals,1,Agriculture
0106,Other live animals,01,Live animals,1,Agriculture
0201,Beef,02,Meat,1,Agriculture
0202,Beef (frozen),02,Meat,1,Agriculture
0203,Pork,02,Meat,1,Agriculture
0204,Lamb,02,Meat,1,Agriculture
0205,Horse meat,02,Meat,1,Agriculture
0206,Edible offal,02,Meat,1,Agriculture
0207,Poultry,02,Meat,1,Agriculture
0208,Other meat,02,Meat,1,Agriculture
0209,Pig and poultry fat,02,Meat,1,Agriculture
0210,Preserved meat,02,Meat,1,Agriculture
0301,Live Fish,03,Fish,1,Agriculture
0302,"Fish, excluding fillets",03,Fish,1,Agriculture
0303,"Frozen fish, excluding fillets",03,Fish,1,Agriculture
0304,Fish fillets,03,Fish,1,Agriculture
0305,Preserved fish,03,Fish,1,Agriculture
0306,Crustaceans,03,Fish,1,Agriculture
0307,Molluscs,03,Fish,1,Agriculture
0401,Milk,04,Diary products,1,Agriculture
0402,"Milk, concentrated",04,Diary products,1,Agriculture
0403,Fermented milk products,04,Diary products,1,Agriculture
0404,Whey,04,Diary products,1,Agriculture
0405,Butter,04,Diary products,1,Agriculture
0406,Cheese,04,Diary products,1,Agriculture
0407,"Eggs, in shell",04,Diary products,1,Agriculture
0408,Egg yolks,04,Diary products,1,Agriculture
0409,Honey,04,Diary products,1,Agriculture
0410,"Edible animal products, n.e.c.",04,Diary products,1,Agriculture
0501,"Human hair, unworked",05,Animal products,1,Agriculture
0502,Brushmaking hair,05,Animal products,1,Agriculture
0503,Horsehair,05,Animal products,1,Agriculture
0504,"Animal guts, except fish",05,Animal products,1,Agriculture
0505,Feathers and down,05,Animal products,1,Agriculture
0506,"Bones, simply prepared",05,Animal products,1,Agriculture
0507,Whalebone & horns,05,Animal products,1,Agriculture
0508,Coral and shells,05,Animal products,1,Agriculture
0509,Sponges of animal origin,05,Animal products,1,Agriculture
0510,Animal products used in pharmaceuticals,05,Animal products,1,Agriculture
0511,Animal products n.e.c.,05,Animal products,1,Agriculture
0601,Flower bulbs,06,Plants,1,Agriculture
0602,Other live plants,06,Plants,1,Agriculture
0603,Cut flowers,06,Plants,1,Agriculture
0604,Other parts of plants,06,Plants,1,Agriculture
0701,Potatoes,07,Vegetables,1,Agriculture
0702,Tomatoes,07,Vegetables,1,Agriculture
0703,"Onions, shallots, garlic",07,Vegetables,1,Agriculture
0704,"Cabbages, cauliflowers, broccoli",07,Vegetables,1,Agriculture
0705,Lettuce,07,Vegetables,1,Agriculture
0706,Carrots & turnips,07,Vegetables,1,Agriculture
0707,Cucumbers,07,Vegetables,1,Agriculture
0708,Legumes,07,Vegetables,1,Agriculture
0709,Other vegetables,07,Vegetables,1,Agriculture
0710,Frozen vegetables,07,Vegetables,1,Agriculture
0711,"Vegetables, provisionally preserved",07,Vegetables,1,Agriculture
0712,"Vegetables, dried",07,Vegetables,1,Agriculture
0713,"Legumes, dried",07,Vegetables,1,Agriculture
0714,Tubers,07,Vegetables,1,Agriculture
0801,Cashew nuts & coconuts,08,Fruits and nuts,1,Agriculture
0802,Other nuts,08,Fruits and nuts,1,Agriculture
0803,Bananas and plantains,08,Fruits and nuts,1,Agriculture
0804,"Avocados, pineapples, mangos, etc.",08,Fruits and nuts,1,Agriculture
0805,Citrus fruit,08,Fruits and nuts,1,Agriculture
0806,Grapes,08,Fruits and nuts,1,Agriculture
0807,Melons and papayas,08,Fruits and nuts,1,Agriculture
0808,Apples & pears,08,Fruits and nuts,1,Agriculture
0809,Peaches & cherries,08,Fruits and nuts,1,Agriculture
0810,Other fresh fruit,08,Fruits and nuts,1,Agriculture
0811,"Fruits and nuts, frozen",08,Fruits and nuts,1,Agriculture
0812,"Fruits and nuts, provisionally preserved",08,Fruits and nuts,1,Agriculture
0813,"Fruits, dried",08,Fruits and nuts,1,Agriculture
0814,Peel of citrus fruit or melons,08,Fruits and nuts,1,Agriculture
0901,Coffee,09,"Coffee, tea and spices",1,Agriculture
0902,Tea,09,"Coffee, tea and spices",1,Agriculture
0903,Mate,09,"Coffee, tea and spices",1,Agriculture
0904,Pepper,09,"Coffee, tea and spices",1,Agriculture
0905,Vanilla,09,"Coffee, tea and spices",1,Agriculture
0906,Cinnamon,09,"Coffee, tea and spices",1,Agriculture
0907,Cloves,09,"Coffee, tea and spices",1,Agriculture
0908,Nutmeg,09,"Coffee, tea and spices",1,Agriculture
0909,"Anise, fennel, etc.",09,"Coffee, tea and spices",1,Agriculture
0910,Spices,09,"Coffee, tea and spices",1,Agriculture
1001,Wheat and meslin,10,Cereals,1,Agriculture
1002,Rye,10,Cereals,1,Agriculture
1003,Barley,10,Cereals,1,Agriculture
1004,Oats,10,Cereals,1,Agriculture
1005,Corn,10,Cereals,1,Agriculture
1006,Rice,10,Cereals,1,Agriculture
1007,Grain sorghum,10,Cereals,1,Agriculture
1008,Other cereals,10,Cereals,1,Agriculture
1101,Wheat or meslin flour,11,"Flours, starches and malts",1,Agriculture
1102,Cereal flours,11,"Flours, starches and malts",1,Agriculture
1103,Cereal meals,11,"Flours, starches and malts",1,Agriculture
1104,Worked cereal grains,11,"Flours, starches and malts",1,Agriculture
1105,Potato flour,11,"Flours, starches and malts",1,Agriculture
1106,Flour of dried legumes,11,"Flours, starches and malts",1,Agriculture
1107,Malt,11,"Flours, starches and malts",1,Agriculture
1108,Starches,11,"Flours, starches and malts",1,Agriculture
1109,Wheat gluten,11,"Flours, starches and malts",1,Agriculture
1201,Soya beans,12,Oil seeds and oleaginous fruits,1,Agriculture
1202,Peanuts,12,Oil seeds and oleaginous fruits,1,Agriculture
1203,Copra,12,Oil seeds and oleaginous fruits,1,Agriculture
1204,Linseed,12,Oil seeds and oleaginous fruits,1,Agriculture
1205,Rape or colza seeds,12,Oil seeds and oleaginous fruits,1,Agriculture
1206,Sunflower seeds,12,Oil seeds and oleaginous fruits,1,Agriculture
1207,Other oil seeds,12,Oil seeds and oleaginous fruits,1,Agriculture
1208,Flours of oil seeds,12,Oil seeds and oleaginous fruits,1,Agriculture
1209,Seeds used for sowing,12,Oil seeds and oleaginous fruits,1,Agriculture
1210,Hop cones,12,Oil seeds and oleaginous fruits,1,Agriculture
1211,"Plants used in perfumery, pharmacy or insecticide",12,Oil seeds and oleaginous fruits,1,Agriculture
1212,Seaweeds & edible vegetable products,12,Oil seeds and oleaginous fruits,1,Agriculture
1213,Cereal straw and husks,12,Oil seeds and oleaginous fruits,1,Agriculture
1214,Forage products,12,Oil seeds and oleaginous fruits,1,Agriculture
1301,Lac,13,Lac and other vegetable extracts,1,Agriculture
1302,Vegetable saps and extracts,13,Lac and other vegetable extracts,1,Agriculture
1401,Vegetable materials used for plaiting,14,Other vegetable materials,1,Agriculture
1402,Vegetable materials used as stuffing,14,Other vegetable materials,1,Agriculture
1403,Vegetable materials used for brooms,14,Other vegetable materials,1,Agriculture
1404,Vegetable products n.e.c.,14,Other vegetable materials,1,Agriculture
1501,"Pig and poultry fat, rendered",15,"Animal or vegetable fats, oils or waxes",1,Agriculture
1502,"Bovine, sheep and goat fats",15,"Animal or vegetable fats, oils or waxes",1,Agriculture
1503,"Lard oil, tallow oil etc.",15,"Animal or vegetable fats, oils or waxes",1,Agriculture
1504,Fish oils,15,"Animal or vegetable fats, oils or waxes",1,Agriculture
1505,Wool grease,15,"Animal or vegetable fats, oils or waxes",1,Agriculture
1506,Other animal fats and oils,15,"Animal or vegetable fats, oils or waxes",1,Agriculture
1507,Soybean oil,15,"Animal or vegetable fats, oils or waxes",1,Agriculture
1508,Peanut oil,15,"Animal or vegetable fats, oils or waxes",1,Agriculture
1509,Olive oil,15,"Animal or vegetable fats, oils or waxes",1,Agriculture
1510,"Olive oil, blended",15,"Animal or vegetable fats, oils or waxes",1,Agriculture
1511,Palm oil,15,"Animal or vegetable fats, oils or waxes",1,Agriculture
1512,Sunflower seed oil,15,"Animal or vegetable fats, oils or waxes",1,Agriculture
1513,Coconut & palm kernel oil,15,"Animal or vegetable fats, oils or waxes",1,Agriculture
1514,"Rapeseed, colza or mustard oil,",15,"Animal or vegetable fats, oils or waxes",1,Agriculture
1515,Other vegetable fats and oils,15,"Animal or vegetable fats, oils or waxes",1,Agriculture
1516,"Vegetable fats, hydrogenated",15,"Animal or vegetable fats, oils or waxes",1,Agriculture
1517,Margarine,15,"Animal or vegetable fats, oils or waxes",1,Agriculture
1518,"Animal or vegetable fats and oils, processed",15,"Animal or vegetable fats, oils or waxes",1,Agriculture
1519,Stearic acid,15,"Animal or vegetable fats, oils or waxes",1,Agriculture
1520,Glycerol,15,"Animal or vegetable fats, oils or waxes",1,Agriculture
1521,Vegetable waxes and beeswax,15,"Animal or vegetable fats, oils or waxes",1,Agriculture
1522,Degras and wax residues,15,"Animal or vegetable fats, oils or waxes",1,Agriculture
1601,Sausages,16,Preparations of meat or fish,1,Agriculture
1602,Other prepared or preserved meat,16,Preparations of meat or fish,1,Agriculture
1603,Extracts and juices of meat or fish,16,Preparations of meat or fish,1,Agriculture
1604,Prepared or preserved fish,16,Preparations of meat or fish,1,Agriculture
1605,Prepared aquatic invertibrates,16,Preparations of meat or fish,1,Agriculture
1701,Sugarcane & sucrose,17,Sugar and candy,1,Agriculture
1702,Other sugars,17,Sugar and candy,1,Agriculture
1703,Molasses,17,Sugar and candy,1,Agriculture
1704,Confectionery sugar,17,Sugar and candy,1,Agriculture
1801,Cocoa beans,18,Cocoa,1,Agriculture
1802,Cocoa residues,18,Cocoa,1,Agriculture
1803,Cocoa paste,18,Cocoa,1,Agriculture
1804,Cocoa butter,18,Cocoa,1,Agriculture
1805,Cocoa powder,18,Cocoa,1,Agriculture
1806,Chocolates,18,Cocoa,1,Agriculture
1901,Malt extract,19,"Preparations of cereals, flour, starch or milk",1,Agriculture
1902,Pasta,19,"Preparations of cereals, flour, starch or milk",1,Agriculture
1903,Tapioca,19,"Preparations of cereals, flour, starch or milk",1,Agriculture
1904,Cereal foods,19,"Preparations of cereals, flour, starch or milk",1,Agriculture
1905,Bakery products,19,"Preparations of cereals, flour, starch or milk",1,Agriculture
2001,Pickled fruits and vegetables,20,"Preparations of vegetables, fruit, or nuts",1,Agriculture
2002,"Tomatoes, prepared or preserved",20,"Preparations of vegetables, fruit, or nuts",1,Agriculture
2003,"Mushrooms, prepared or preserved",20,"Preparations of vegetables, fruit, or nuts",1,Agriculture
2004,"Other vegetables, frozen",20,"Preparations of vegetables, fruit, or nuts",1,Agriculture
2005,"Other vegetables, prepared or preserved",20,"Preparations of vegetables, fruit, or nuts",1,Agriculture
2006,"Vegetables, fruits and nuts, preserved by sugar",20,"Preparations of vegetables, fruit, or nuts",1,Agriculture
2007,"Jams, jellies and marmalades",20,"Preparations of vegetables, fruit, or nuts",1,Agriculture
2008,"Fruits and nuts, otherwise prepared",20,"Preparations of vegetables, fruit, or nuts",1,Agriculture
2009,Fruit juices,20,"Preparations of vegetables, fruit, or nuts",1,Agriculture
2101,Coffee extracts,21,Miscellaneous edible preparations,1,Agriculture
2102,Yeasts,21,Miscellaneous edible preparations,1,Agriculture
2103,Sauces and seasonings,21,Miscellaneous edible preparations,1,Agriculture
2104,Soups and broths,21,Miscellaneous edible preparations,1,Agriculture
2105,Ice cream,21,Miscellaneous edible preparations,1,Agriculture
2106,Food preparations n.e.c.,21,Miscellaneous edible preparations,1,Agriculture
2201,Waters,22,Beverages,1,Agriculture
2202,"Waters, flavored or sweetened",22,Beverages,1,Agriculture
2203,Beer,22,Beverages,1,Agriculture
2204,Wine,22,Beverages,1,Agriculture
2205,"Wine, flavored",22,Beverages,1,Agriculture
2206,Other fermented beverages,22,Beverages,1,Agriculture
2207,Ethyl alcohol > 80%,22,Beverages,1,Agriculture
2208,Spirits < 80% alcohol,22,Beverages,1,Agriculture
2209,Vinegars,22,Beverages,1,Agriculture
2301,"Flours of fish, for animal feed",23,Food residues and animal feed,1,Agriculture
2302,Cereal residues,23,Food residues and animal feed,1,Agriculture
2303,Starch residues,23,Food residues and animal feed,1,Agriculture
2304,Solid soybean residues,23,Food residues and animal feed,1,Agriculture
2305,Solid peanut residues,23,Food residues and animal feed,1,Agriculture
2306,Solid vegetable oil and fat residues,23,Food residues and animal feed,1,Agriculture
2307,Wine lees,23,Food residues and animal feed,1,Agriculture
2308,Vegetable materials for animal feeding,23,Food residues and animal feed,1,Agriculture
2309,Animal feed,23,Food residues and animal feed,1,Agriculture
2401,Unmanufactured tobacco,24,Tobacco,1,Agriculture
2402,Cigars and cigarettes,24,Tobacco,1,Agriculture
2403,Other manufactured tobacco,24,Tobacco,1,Agriculture
2501,Salt,25,"Salt, sulphur, lime, cement, etc.",3,Minerals
2502,Unroasted iron pyrites,25,"Salt, sulphur, lime, cement, etc.",3,Minerals
2503,"Sulphur, crude",25,"Salt, sulphur, lime, cement, etc.",3,Minerals
2504,Natural graphite,25,"Salt, sulphur, lime, cement, etc.",3,Minerals
2505,Natural sands,25,"Salt, sulphur, lime, cement, etc.",3,Minerals
2506,Quartz,25,"Salt, sulphur, lime, cement, etc.",3,Minerals
2507,Kaolin,25,"Salt, sulphur, lime, cement, etc.",3,Minerals
2508,Clays,25,"Salt, sulphur, lime, cement, etc.",3,Minerals
2509,Chalk,25,"Salt, sulphur, lime, cement, etc.",3,Minerals
2510,Natural calcium phosphates,25,"Salt, sulphur, lime, cement, etc.",3,Minerals
2511,Natural barium sulfate,25,"Salt, sulphur, lime, cement, etc.",3,Minerals
2512,Siliceous fossil meals and earths,25,"Salt, sulphur, lime, cement, etc.",3,Minerals
2513,Natural abrasives,25,"Salt, sulphur, lime, cement, etc.",3,Minerals
2514,Slate,25,"Salt, sulphur, lime, cement, etc.",3,Minerals
2515,Marble,25,"Salt, sulphur, lime, cement, etc.",3,Minerals
2516,Granite,25,"Salt, sulphur, lime, cement, etc.",3,Minerals
2517,Gravel,25,"Salt, sulphur, lime, cement, etc.",3,Minerals
2518,Dolomite,25,"Salt, sulphur, lime, cement, etc.",3,Minerals
2519,Natural magnesia,25,"Salt, sulphur, lime, cement, etc.",3,Minerals
2520,Gypsum,25,"Salt, sulphur, lime, cement, etc.",3,Minerals
2521,Limstone,25,"Salt, sulphur, lime, cement, etc.",3,Minerals
2522,Quicklime,25,"Salt, sulphur, lime, cement, etc.",3,Minerals
2523,Cements,25,"Salt, sulphur, lime, cement, etc.",3,Minerals
2524,Asbestos,25,"Salt, sulphur, lime, cement, etc.",3,Minerals
2525,Mica,25,"Salt, sulphur, lime, cement, etc.",3,Minerals
2526,Natural steatite,25,"Salt, sulphur, lime, cement, etc.",3,Minerals
2527,Natural cryolite,25,"Salt, sulphur, lime, cement, etc.",3,Minerals
2528,Natural borates,25,"Salt, sulphur, lime, cement, etc.",3,Minerals
2529,Feldspar,25,"Salt, sulphur, lime, cement, etc.",3,Minerals
2530,Mineral substances n.e.c.,25,"Salt, sulphur, lime, cement, etc.",3,Minerals
2601,Iron ores and concentrates,26,"Ores, slag and ash",3,Minerals
2602,Manganese > 47% by weight,26,"Ores, slag and ash",3,Minerals
2603,Copper ore,26,"Ores, slag and ash",3,Minerals
2604,Nickel ore,26,"Ores, slag and ash",3,Minerals
2605,Cobalt ore,26,"Ores, slag and ash",3,Minerals
2606,Aluminum ore,26,"Ores, slag and ash",3,Minerals
2607,Lead ore,26,"Ores, slag and ash",3,Minerals
2608,Zinc ore,26,"Ores, slag and ash",3,Minerals
2609,Tin ore,26,"Ores, slag and ash",3,Minerals
2610,Chromium ore,26,"Ores, slag and ash",3,Minerals
2611,Tungsten ore,26,"Ores, slag and ash",3,Minerals
2612,Uranium ore,26,"Ores, slag and ash",3,Minerals
2613,Molybdenum ore,26,"Ores, slag and ash",3,Minerals
2614,Titanium ore,26,"Ores, slag and ash",3,Minerals
2615,Zirconium ore,26,"Ores, slag and ash",3,Minerals
2616,Precious metal ores,26,"Ores, slag and ash",3,Minerals
2617,Other ores,26,"Ores, slag and ash",3,Minerals
2618,Granulated iron or steel slag,26,"Ores, slag and ash",3,Minerals
2619,Iron or steel slag,26,"Ores, slag and ash",3,Minerals
2620,"Slag, ash and residues containing metals",26,"Ores, slag and ash",3,Minerals
2621,Other slag and ash,26,"Ores, slag and ash",3,Minerals
2701,Coal,27,"Mineral fuels, oils and waxes",3,Minerals
2702,Lignite,27,"Mineral fuels, oils and waxes",3,Minerals
2703,Peat,27,"Mineral fuels, oils and waxes",3,Minerals
2704,Coke,27,"Mineral fuels, oils and waxes",3,Minerals
2705,Non-petroleum gases,27,"Mineral fuels, oils and waxes",3,Minerals
2706,"Tar distilled from coal, lignite etc.",27,"Mineral fuels, oils and waxes",3,Minerals
2707,Oils etc. from high temperature coal tar,27,"Mineral fuels, oils and waxes",3,Minerals
2708,Pitch and pitch coke,27,"Mineral fuels, oils and waxes",3,Minerals
2709,"Petroleum oils, crude",27,"Mineral fuels, oils and waxes",3,Minerals
2710,"Petroleum oils, refined",27,"Mineral fuels, oils and waxes",3,Minerals
2711,Petroleum gases,27,"Mineral fuels, oils and waxes",3,Minerals
2712,Petroleum jelly,27,"Mineral fuels, oils and waxes",3,Minerals
2713,Petroleum coke,27,"Mineral fuels, oils and waxes",3,Minerals
2714,"Bitumen and asphalt, natural",27,"Mineral fuels, oils and waxes",3,Minerals
2715,Bituminous mixtures,27,"Mineral fuels, oils and waxes",3,Minerals
2716,Electrical energy,27,"Mineral fuels, oils and waxes",3,Minerals
2801,Iodine,28,Inorganic chemicals,5,Chemicals
2802,"Sulfur, sublimed or precipitated",28,Inorganic chemicals,5,Chemicals
2803,Carbon,28,Inorganic chemicals,5,Chemicals
2804,Silicon & rare gases,28,Inorganic chemicals,5,Chemicals
2805,Rare-earth metals,28,Inorganic chemicals,5,Chemicals
2806,Hydrochloric acid,28,Inorganic chemicals,5,Chemicals
2807,"Sulfiric acid, oleum",28,Inorganic chemicals,5,Chemicals
2808,Sulfonitric acids,28,Inorganic chemicals,5,Chemicals
2809,Phosphoric acid etc.,28,Inorganic chemicals,5,Chemicals
2810,Oxides of boron; boric acids,28,Inorganic chemicals,5,Chemicals
2811,Other inorganic acids,28,Inorganic chemicals,5,Chemicals
2812,Halides of nonmetals,28,Inorganic chemicals,5,Chemicals
2813,Sulfides of nonmetals,28,Inorganic chemicals,5,Chemicals
2814,Ammonia,28,Inorganic chemicals,5,Chemicals
2815,Sodium hydroxide,28,Inorganic chemicals,5,Chemicals
2816,Hydroxides or peroxides of magnesium,28,Inorganic chemicals,5,Chemicals
2817,Zinc oxide or peroxide,28,Inorganic chemicals,5,Chemicals
2818,Aluminum oxide,28,Inorganic chemicals,5,Chemicals
2819,Chromium oxides and hydroxides,28,Inorganic chemicals,5,Chemicals
2820,Manganese oxides,28,Inorganic chemicals,5,Chemicals
2821,Iron oxides and hydroxides,28,Inorganic chemicals,5,Chemicals
2822,Cobalt oxides and hydroxides,28,Inorganic chemicals,5,Chemicals
2823,Titanium oxides,28,Inorganic chemicals,5,Chemicals
2824,Lead oxides,28,Inorganic chemicals,5,Chemicals
2825,"Metal base oxides, n.e.c.",28,Inorganic chemicals,5,Chemicals
2826,Flourides,28,Inorganic chemicals,5,Chemicals
2827,"Chlorides, bromides, iodides etc.",28,Inorganic chemicals,5,Chemicals
2828,Hyopchlorites,28,Inorganic chemicals,5,Chemicals
2829,Sodium chlorate,28,Inorganic chemicals,5,Chemicals
2830,Sulfides; polysulfides,28,Inorganic chemicals,5,Chemicals
2831,Dithionites and sulfoxylates,28,Inorganic chemicals,5,Chemicals
2832,Sulfites,28,Inorganic chemicals,5,Chemicals
2833,Sulfates,28,Inorganic chemicals,5,Chemicals
2834,"Nitrites, nitrates",28,Inorganic chemicals,5,Chemicals
2835,Phosphates,28,Inorganic chemicals,5,Chemicals
2836,Carbonates,28,Inorganic chemicals,5,Chemicals
2837,Cyanides,28,Inorganic chemicals,5,Chemicals
2838,"Fulminates, cyanates and thiocyanates",28,Inorganic chemicals,5,Chemicals
2839,Silicates,28,Inorganic chemicals,5,Chemicals
2840,Borates,28,Inorganic chemicals,5,Chemicals
2841,Salts of oxometallic acids,28,Inorganic chemicals,5,Chemicals
2842,Other salts of acids,28,Inorganic chemicals,5,Chemicals
2843,Compounds of precious metals,28,Inorganic chemicals,5,Chemicals
2844,Uranium,28,Inorganic chemicals,5,Chemicals
2845,Non-radioactive isotopes,28,Inorganic chemicals,5,Chemicals
2846,Compounds of rare-earth metals,28,Inorganic chemicals,5,Chemicals
2847,Hydrogen peroxide,28,Inorganic chemicals,5,Chemicals
2848,Phosphides,28,Inorganic chemicals,5,Chemicals
2849,Carbides,28,Inorganic chemicals,5,Chemicals
2850,"Hydrides, nitrides, azides, silicides and borides",28,Inorganic chemicals,5,Chemicals
2851,"Inorganic compounds, liquid or compressed air",28,Inorganic chemicals,5,Chemicals
2901,Acyclic hydrocarbons,29,Organic chemicals,5,Chemicals
2902,Cyclic hydrocarbons,29,Organic chemicals,5,Chemicals
2903,Halogenated derivatives of hydrocarbons,29,Organic chemicals,5,Chemicals
2904,"Sulfonated, nitrated derivatives of hydrocarbons",29,Organic chemicals,5,Chemicals
2905,Acyclic alcohols,29,Organic chemicals,5,Chemicals
2906,Cyclic alcohols,29,Organic chemicals,5,Chemicals
2907,"Phenols, phenol-alcohols",29,Organic chemicals,5,Chemicals
2908,Derivatives of phenols,29,Organic chemicals,5,Chemicals
2909,Ethers,29,Organic chemicals,5,Chemicals
2910,Epoxides,29,Organic chemicals,5,Chemicals
2911,Acetals and hemiacetals,29,Organic chemicals,5,Chemicals
2912,Aldehydes,29,Organic chemicals,5,Chemicals
2913,Derivatives of aldehydes,29,Organic chemicals,5,Chemicals
2914,Ketones and quinones,29,Organic chemicals,5,Chemicals
2915,Saturated acyclic monocarboxylic acids,29,Organic chemicals,5,Chemicals
2916,Unsaturated acyclic monocarboxylic acids,29,Organic chemicals,5,Chemicals
2917,Polycarboxylic acids,29,Organic chemicals,5,Chemicals
2918,Carboxylic acids with additional oxygen function,29,Organic chemicals,5,Chemicals
2919,Phosporic esters,29,Organic chemicals,5,Chemicals
2920,Esters of other inorganic acids of nonmetals,29,Organic chemicals,5,Chemicals
2921,Amine-function compounds,29,Organic chemicals,5,Chemicals
2922,Oxygen-function amino-compounds,29,Organic chemicals,5,Chemicals
2923,Quaternary ammonium salts and hydroxides,29,Organic chemicals,5,Chemicals
2924,Carboxyamide-function compounds,29,Organic chemicals,5,Chemicals
2925,Carboxyimide-function compounds,29,Organic chemicals,5,Chemicals
2926,Nitrile-function compounds,29,Organic chemicals,5,Chemicals
2927,"Diazo-, azo-, or azoxy-compounds",29,Organic chemicals,5,Chemicals
2928,Organix derivatives of hydrazine,29,Organic chemicals,5,Chemicals
2929,Isocyanates,29,Organic chemicals,5,Chemicals
2930,Organo-sulfur compounds,29,Organic chemicals,5,Chemicals
2931,Other organo-inorganic compounds,29,Organic chemicals,5,Chemicals
2932,Heterocyclic compounds with oxygen hetero-atom(s) only,29,Organic chemicals,5,Chemicals
2933,Heterocyclic compounds with nitrogen hetero-atom(s) only,29,Organic chemicals,5,Chemicals
2934,Nucleic acids and their salts,29,Organic chemicals,5,Chemicals
2935,Sulfonamides,29,Organic chemicals,5,Chemicals
2936,Vitamins,29,Organic chemicals,5,Chemicals
2937,Hormones,29,Organic chemicals,5,Chemicals
2938,Glycosides,29,Organic chemicals,5,Chemicals
2939,Vegetable alkaloids,29,Organic chemicals,5,Chemicals
2940,"Other sugars, chemically pure",29,Organic chemicals,5,Chemicals
2941,Antibiotics,29,Organic chemicals,5,Chemicals
2942,Other organic compounds,29,Organic chemicals,5,Chemicals
3001,Heparin for therapeutic use,30,Pharmaceutical products,5,Chemicals
3002,Serums and vaccines,30,Pharmaceutical products,5,Chemicals
3003,"Medicaments, not packaged",30,Pharmaceutical products,5,Chemicals
3004,"Medicaments, packaged",30,Pharmaceutical products,5,Chemicals
3005,"Wadding, gauze and bandages",30,Pharmaceutical products,5,Chemicals
3006,Pharmaceutical goods,30,Pharmaceutical products,5,Chemicals
3101,Animal or vegetable fertilizers,31,Fertilisers,5,Chemicals
3102,Nitrogenous fertilizers,31,Fertilisers,5,Chemicals
3103,Phosphatic fertilizers,31,Fertilisers,5,Chemicals
3104,Potassic fertilizers,31,Fertilisers,5,Chemicals
3105,Mixed fertilizers,31,Fertilisers,5,Chemicals
3201,Vegetable tanning extracts,32,"Dyes, paints, inks, etc.",5,Chemicals
3202,Synthetic tanning substances,32,"Dyes, paints, inks, etc.",5,Chemicals
3203,Coloring matter of animal or vegetable origin,32,"Dyes, paints, inks, etc.",5,Chemicals
3204,Synthetic organic coloring matter,32,"Dyes, paints, inks, etc.",5,Chemicals
3205,Color lakes,32,"Dyes, paints, inks, etc.",5,Chemicals
3206,Other coloring matter,32,"Dyes, paints, inks, etc.",5,Chemicals
3207,Prepared pigments,32,"Dyes, paints, inks, etc.",5,Chemicals
3208,"Paints and varnishes, nonaqueous",32,"Dyes, paints, inks, etc.",5,Chemicals
3209,"Paints and varnishes, aqueous",32,"Dyes, paints, inks, etc.",5,Chemicals
3210,Other paints and varnishes,32,"Dyes, paints, inks, etc.",5,Chemicals
3211,Prepared driers,32,"Dyes, paints, inks, etc.",5,Chemicals
3212,"Pigments, nonaqueous",32,"Dyes, paints, inks, etc.",5,Chemicals
3213,Artists' colors,32,"Dyes, paints, inks, etc.",5,Chemicals
3214,Glaziers' putty,32,"Dyes, paints, inks, etc.",5,Chemicals
3215,Ink,32,"Dyes, paints, inks, etc.",5,Chemicals
3301,Essential oils,33,Essential oils,5,Chemicals
3302,Mixtures of odoriferous subtances,33,Essential oils,5,Chemicals
3303,Perfumes,33,Essential oils,5,Chemicals
3304,Make-up preparations,33,Essential oils,5,Chemicals
3305,Hair products,33,Essential oils,5,Chemicals
3306,Dental hygiene products,33,Essential oils,5,Chemicals
3307,Toiletries,33,Essential oils,5,Chemicals
3401,Soap,34,"Soaps, waxes, and paints",5,Chemicals
3402,Cleaning products,34,"Soaps, waxes, and paints",5,Chemicals
3403,Lubricants,34,"Soaps, waxes, and paints",5,Chemicals
3404,Artificial and prepared waxes,34,"Soaps, waxes, and paints",5,Chemicals
3405,Polishes and creams,34,"Soaps, waxes, and paints",5,Chemicals
3406,Candles,34,"Soaps, waxes, and paints",5,Chemicals
3407,Modeling pastes,34,"Soaps, waxes, and paints",5,Chemicals
3501,Casein,34,"Soaps, waxes, and paints",5,Chemicals
3502,Albumins,35,Albuminoidals; modified starches; glues; enzymes,5,Chemicals
3503,Gelatin,35,Albuminoidals; modified starches; glues; enzymes,5,Chemicals
3504,Peptones,35,Albuminoidals; modified starches; glues; enzymes,5,Chemicals
3505,Dextrins and other modified starches,35,Albuminoidals; modified starches; glues; enzymes,5,Chemicals
3506,Glues and adhesives,35,Albuminoidals; modified starches; glues; enzymes,5,Chemicals
3507,Enzymes,35,Albuminoidals; modified starches; glues; enzymes,5,Chemicals
3601,Propellant powders,36,Explosives,5,Chemicals
3602,"Prepared explosives, except gunpowder",36,Explosives,5,Chemicals
3603,Detonators,36,Explosives,5,Chemicals
3604,Fireworks,36,Explosives,5,Chemicals
3605,Matches,36,Explosives,5,Chemicals
3606,Ferrocerium and other pyrophoric alloys,36,Explosives,5,Chemicals
3701,Photographic plates,37,Photographic or cinematographic goods,5,Chemicals
3702,Photographic film in rolls,37,Photographic or cinematographic goods,5,Chemicals
3703,Photographic paper,37,Photographic or cinematographic goods,5,Chemicals
3704,"Photographic film, not developed",37,Photographic or cinematographic goods,5,Chemicals
3705,"Photographic film, developed",37,Photographic or cinematographic goods,5,Chemicals
3706,Motion-picture film,37,Photographic or cinematographic goods,5,Chemicals
3707,Chemical preparations for photographic uses,37,Photographic or cinematographic goods,5,Chemicals
3801,Artificial graphite,38,Miscellaneous chemical products,5,Chemicals
3802,Activated carbon,38,Miscellaneous chemical products,5,Chemicals
3803,Tall oil,38,Miscellaneous chemical products,5,Chemicals
3804,Residual lyes,38,Miscellaneous chemical products,5,Chemicals
3805,Turpentines,38,Miscellaneous chemical products,5,Chemicals
3806,Rosin and resin acids,38,Miscellaneous chemical products,5,Chemicals
3807,Wood tar and oils,38,Miscellaneous chemical products,5,Chemicals
3808,"Insecticides, rodenticides, fungicides, etc.",38,Miscellaneous chemical products,5,Chemicals
3809,Finishing agents,38,Miscellaneous chemical products,5,Chemicals
3810,Pickling preparations for metal surfaces,38,Miscellaneous chemical products,5,Chemicals
3811,Anti-knock,38,Miscellaneous chemical products,5,Chemicals
3812,Stabilizers for rubber or plastic,38,Miscellaneous chemical products,5,Chemicals
3813,Preparations for fire extinguishers,38,Miscellaneous chemical products,5,Chemicals
3814,Organic composite solvents and thinners,38,Miscellaneous chemical products,5,Chemicals
3815,Catalytic preparations,38,Miscellaneous chemical products,5,Chemicals
3816,Refractory cements,38,Miscellaneous chemical products,5,Chemicals
3817,Mixed alkylbenzenes,38,Miscellaneous chemical products,5,Chemicals
3818,Chemical elements for electronics,38,Miscellaneous chemical products,5,Chemicals
3819,Hydraulic fluids,38,Miscellaneous chemical products,5,Chemicals
3820,Antifreezing preparation,38,Miscellaneous chemical products,5,Chemicals
3821,Prepared culture media for micro-organisms,38,Miscellaneous chemical products,5,Chemicals
3822,Diagnostic or laboratory reagents,38,Miscellaneous chemical products,5,Chemicals
3823,Industrial monocarboxylic fatty acids,38,Miscellaneous chemical products,5,Chemicals
3901,Polymers of ethylene,39,Plastics,5,Chemicals
3902,Polymers of propylene,39,Plastics,5,Chemicals
3903,Polymers of styrene,39,Plastics,5,Chemicals
3904,Polymers of vinyl chloride,39,Plastics,5,Chemicals
3905,Polymers of vinyl acetate,39,Plastics,5,Chemicals
3906,Acrylic polymers,39,Plastics,5,Chemicals
3907,Polyacetals,39,Plastics,5,Chemicals
3908,Polyamides,39,Plastics,5,Chemicals
3909,Amino-resins,39,Plastics,5,Chemicals
3910,Silicones in primary forms,39,Plastics,5,Chemicals
3911,Petroleum resins,39,Plastics,5,Chemicals
3912,Cellulose n.e.c.,39,Plastics,5,Chemicals
3913,Natural polymers,39,Plastics,5,Chemicals
3914,Ion-exchangers based on polymers,39,Plastics,5,Chemicals
3915,Plastic waste,39,Plastics,5,Chemicals
3916,Monofilament,39,Plastics,5,Chemicals
3917,Plastic tubes and fittings,39,Plastics,5,Chemicals
3918,Plastic floor coverings,39,Plastics,5,Chemicals
3919,Self-adhesive plastic sheets,39,Plastics,5,Chemicals
3920,"Other plates of plastics, noncellular and not reinforced",39,Plastics,5,Chemicals
3921,"Other plastic plates, sheets etc.",39,Plastics,5,Chemicals
3922,"Baths, sinks etc.",39,Plastics,5,Chemicals
3923,Packing lids,39,Plastics,5,Chemicals
3924,Plastic household articles,39,Plastics,5,Chemicals
3925,Plastic builders' ware,39,Plastics,5,Chemicals
3926,Other articles of plastic,39,Plastics,5,Chemicals
4001,Natural rubber,40,Rubber,5,Chemicals
4002,Synthetic rubber,40,Rubber,5,Chemicals
4003,Reclaimed rubber,40,Rubber,5,Chemicals
4004,Scrap of rubber,40,Rubber,5,Chemicals
4005,Compounded rubber,40,Rubber,5,Chemicals
4006,Unvulcanized rubber rods,40,Rubber,5,Chemicals
4007,Vulcanized rubber thread and cord,40,Rubber,5,Chemicals
4008,Vulcanized rubber plates,40,Rubber,5,Chemicals
4009,Vulcanized rubber tubes,40,Rubber,5,Chemicals
4010,Conveyor belts of vulcanized rubber,40,Rubber,5,Chemicals
4011,New pneumatic tires of rubber,40,Rubber,5,Chemicals
4012,Used pneumatic tires of rubber,40,Rubber,5,Chemicals
4013,Rubber inner tubes,40,Rubber,5,Chemicals
4014,Rubber hygenic or pharmeceutical items,40,Rubber,5,Chemicals
4015,Vulcanized rubber articles of apparel,40,Rubber,5,Chemicals
4016,Other articles of vulcanized rubber,40,Rubber,5,Chemicals
4017,Hard rubber,40,Rubber,5,Chemicals
4101,Raw hides of bovines or equines,41,Leather and skins,1,Agriculture
4102,Raw skins of sheep or lambs,41,Leather and skins,1,Agriculture
4103,Other raw hides and skins,41,Leather and skins,1,Agriculture
4104,Tanned hides of bovines or equines,41,Leather and skins,1,Agriculture
4105,Tanned sheepskins,41,Leather and skins,1,Agriculture
4106,Tanned skins of other animals,41,Leather and skins,1,Agriculture
4107,Bovine leather further prepared,41,Leather and skins,1,Agriculture
4108,Chamois leather,41,Leather and skins,1,Agriculture
4109,Patent leather,41,Leather and skins,1,Agriculture
4110,Waste of leather,41,Leather and skins,1,Agriculture
4111,Composition leather,41,Leather and skins,1,Agriculture
4201,Saddlery and harnesses,42,Articles of leather,1,Agriculture
4202,Trunks or cases,42,Articles of leather,1,Agriculture
4203,Leather apparel,42,Articles of leather,1,Agriculture
4204,Articles of leather for technical uses,42,Articles of leather,1,Agriculture
4205,Other articles of leather,42,Articles of leather,1,Agriculture
4206,Articles of gut,42,Articles of leather,1,Agriculture
4301,Other raw furskins,43,Furskins,1,Agriculture
4302,Other tanned furskins,43,Furskins,1,Agriculture
4303,Furskin apparel,43,Furskins,1,Agriculture
4304,Artificial fur,43,Furskins,1,Agriculture
4401,Fuel wood,44,Wood,1,Agriculture
4402,Wood charcoal,44,Wood,1,Agriculture
4403,Wood in the rough,44,Wood,1,Agriculture
4404,Strips and other pieces of wood,44,Wood,1,Agriculture
4405,Wood wool or flour,44,Wood,1,Agriculture
4406,Wooden railway ties,44,Wood,1,Agriculture
4407,Wood sawn lengthwise,44,Wood,1,Agriculture
4408,Sheets for veneering for plywood,44,Wood,1,Agriculture
4409,Wood shaped along its edges,44,Wood,1,Agriculture
4410,Particle board and similar board,44,Wood,1,Agriculture
4411,Fiberboard of wood,44,Wood,1,Agriculture
4412,Plywood,44,Wood,1,Agriculture
4413,Densified wood,44,Wood,1,Agriculture
4414,Wooden frames,44,Wood,1,Agriculture
4415,Packing boxes,44,Wood,1,Agriculture
4416,"Casks, barrels, etc. of wood",44,Wood,1,Agriculture
4417,Wooden tools,44,Wood,1,Agriculture
4418,Wood carpentry for construction,44,Wood,1,Agriculture
4419,Wooden kitchenware,44,Wood,1,Agriculture
4420,"Wood marquetry, ornaments, etc.",44,Wood,1,Agriculture
4421,Other articles of wood,44,Wood,1,Agriculture
4501,"Natural cork, raw",45,Cork,1,Agriculture
4502,"Natural cork, debacked",45,Cork,1,Agriculture
4503,Articles of natural cork,45,Cork,1,Agriculture
4504,Agglomerated cork,45,Cork,1,Agriculture
4601,Products of plaiting materials,46,Manufactues of plaiting materials,1,Agriculture
4602,Basketwork,46,Manufactues of plaiting materials,1,Agriculture
4701,Mechanical woodpulp,47,Pulp of wood,1,Agriculture
4702,"Chemical woodpulp, dissolving grade",47,Pulp of wood,1,Agriculture
4703,"Chemical woodpulp, soda or sulfate",47,Pulp of wood,1,Agriculture
4704,"Chemical woodpulp, sulfite",47,Pulp of wood,1,Agriculture
4705,Semichemical woodpulp,47,Pulp of wood,1,Agriculture
4706,Pulps of recovered paper fibers,47,Pulp of wood,1,Agriculture
4707,Paper waste,47,Pulp of wood,1,Agriculture
4801,Newsprint,48,Paper and paperboard,1,Agriculture
4802,Paper used for graphic purposes,48,Paper and paperboard,1,Agriculture
4803,Tissue,48,Paper and paperboard,1,Agriculture
4804,Uncoated kraft paper and paperboard,48,Paper and paperboard,1,Agriculture
4805,Other uncoated paper and paperboard,48,Paper and paperboard,1,Agriculture
4806,Transparent paper,48,Paper and paperboard,1,Agriculture
4807,Uncoated composite paper,48,Paper and paperboard,1,Agriculture
4808,Corrugated paper and paperboard,48,Paper and paperboard,1,Agriculture
4809,Carbon paper,48,Paper and paperboard,1,Agriculture
4810,"Paper and paperboard, coated with kaolin",48,Paper and paperboard,1,Agriculture
4811,"Cellulose wadding, coated",48,Paper and paperboard,1,Agriculture
4812,Filter blocks of paper pulp,48,Paper and paperboard,1,Agriculture
4813,Cigarette paper,48,Paper and paperboard,1,Agriculture
4814,Wallpaper,48,Paper and paperboard,1,Agriculture
4815,Floor coverings of paper,48,Paper and paperboard,1,Agriculture
4816,Other carbon paper,48,Paper and paperboard,1,Agriculture
4817,Letterstock,48,Paper and paperboard,1,Agriculture
4818,Toilet paper,48,Paper and paperboard,1,Agriculture
4819,Cardboard packing containers,48,Paper and paperboard,1,Agriculture
4820,Notebooks,48,Paper and paperboard,1,Agriculture
4821,Paper labels,48,Paper and paperboard,1,Agriculture
4822,"Bobbins, spools, cops of paper",48,Paper and paperboard,1,Agriculture
4823,Other paper cut to size,48,Paper and paperboard,1,Agriculture
4901,"Books, brochures etc.",49,Products of the printing industry,1,Agriculture
4902,"Newspapers, journals and periodicals",49,Products of the printing industry,1,Agriculture
4903,Children's books,49,Products of the printing industry,1,Agriculture
4904,"Music, printed or in manuscript",49,Products of the printing industry,1,Agriculture
4905,Maps,49,Products of the printing industry,1,Agriculture
4906,"Architectural, engineering, etc. drawings",49,Products of the printing industry,1,Agriculture
4907,Unused stamps,49,Products of the printing industry,1,Agriculture
4908,Transfers (decalcomanias),49,Products of the printing industry,1,Agriculture
4909,Printed or illustrated postcards,49,Products of the printing industry,1,Agriculture
4910,Calendars,49,Products of the printing industry,1,Agriculture
4911,Other printed matter,49,Products of the printing industry,1,Agriculture
5001,Silkworm cocoons,50,Silk,0,Textiles
5002,Raw silk,50,Silk,0,Textiles
5003,Silk waste,50,Silk,0,Textiles
5004,Silk yarn,50,Silk,0,Textiles
5005,Yarn from silk waste,50,Silk,0,Textiles
5006,"Silk yarn, for retail sale",50,Silk,0,Textiles
5007,Woven silk fabrics,50,Silk,0,Textiles
5101,Wool,51,Wool,0,Textiles
5102,Animal hair,51,Wool,0,Textiles
5103,Wool or animal hair waste,51,Wool,0,Textiles
5104,Garnetted stock of wool or animal hair,51,Wool,0,Textiles
5105,"Wool, combed",51,Wool,0,Textiles
5106,"Yarn of carded wool, not for retail sale",51,Wool,0,Textiles
5107,"Yarn of combed wool, not for retail sale",51,Wool,0,Textiles
5108,"Yarn of animal hair, not for retail sale",51,Wool,0,Textiles
5109,"Yarn of wool or animal hair, for retail sale",51,Wool,0,Textiles
5110,Yarn of coarse animal hair or of horsehair,51,Wool,0,Textiles
5111,Woven fabrics of carded wool,51,Wool,0,Textiles
5112,Woven fabrics of combed wool,51,Wool,0,Textiles
5113,Woven fabrics of coarse animal hair,51,Wool,0,Textiles
5201,Raw cotton,52,Cotton,0,Textiles
5202,Cotton waste,52,Cotton,0,Textiles
5203,"Cotton, carded or combed",52,Cotton,0,Textiles
5204,Cotton sewing thread,52,Cotton,0,Textiles
5205,Cotton yarn of > 85%,52,Cotton,0,Textiles
5206,Cotton yarn of < 85%,52,Cotton,0,Textiles
5207,Cotton yarn for retail sale,52,Cotton,0,Textiles
5208,Woven fabrics of cotton of > 85% weighing < 200 g/m2,52,Cotton,0,Textiles
5209,Woven fabrics of cotton of < 85% weighing > 200 g/m2,52,Cotton,0,Textiles
5210,Woven fabrics of cotton of < 85% weighing < 200 g/m2,52,Cotton,0,Textiles
5211,Woven fabrics of cotton of < 85% weighing > 200 g/m2,52,Cotton,0,Textiles
5212,Other woven cotton fabrics,52,Cotton,0,Textiles
5301,"Flax, raw or processed",53,Other vegetable textile fibres,0,Textiles
5302,Hemp fiber,53,Other vegetable textile fibres,0,Textiles
5303,Textile bast fibers,53,Other vegetable textile fibres,0,Textiles
5304,Sisal and agave fibers,53,Other vegetable textile fibres,0,Textiles
5305,Vegetable textile fibers,53,Other vegetable textile fibres,0,Textiles
5306,Flax yarn,53,Other vegetable textile fibres,0,Textiles
5307,Yarn of textile bast fibers,53,Other vegetable textile fibres,0,Textiles
5308,Yarn of other vegetable textile fibers,53,Other vegetable textile fibres,0,Textiles
5309,Woven fabrics of flax,53,Other vegetable textile fibres,0,Textiles
5310,Woven fabrics of jute or of other textile bast fibers,53,Other vegetable textile fibres,0,Textiles
5311,Woven fabrics of vegetable textile fibers,53,Other vegetable textile fibres,0,Textiles
5401,Synthetic sowing thread,54,Man-made filaments,0,Textiles
5402,Synthetic filament yarn,54,Man-made filaments,0,Textiles
5403,Artificial filament yarn,54,Man-made filaments,0,Textiles
5404,"Synthetic monofilament >67 dtex, thickness < 1mm",54,Man-made filaments,0,Textiles
5405,"Artificial monofilament >67dtex t<1mm, strip, straws t<5mm",54,Man-made filaments,0,Textiles
5406,Synthetic filament yarn for retail sale,54,Man-made filaments,0,Textiles
5407,Woven fabrics of synthetic filament yarn,54,Man-made filaments,0,Textiles
5408,Woven fabrics of artificial filament yarn,54,Man-made filaments,0,Textiles
5501,Synthetic filament tow,55,Man-made staple fibres,0,Textiles
5502,Artificial filament tow,55,Man-made staple fibres,0,Textiles
5503,Synthetic staple fibers,55,Man-made staple fibres,0,Textiles
5504,"Artificial staple fibers, not processed for spinning",55,Man-made staple fibres,0,Textiles
5505,Waste of man-made fibers,55,Man-made staple fibres,0,Textiles
5506,"Synthetic staple fibers, processed",55,Man-made staple fibres,0,Textiles
5507,"Artificial staple fibers, processed",55,Man-made staple fibres,0,Textiles
5508,Synthetic staple fibers sewing thread,55,Man-made staple fibres,0,Textiles
5509,"Yarn of synthetic staple fibers, not for retail sale",55,Man-made staple fibres,0,Textiles
5510,"Yarn of artificial staple fibers, not for retail sale",55,Man-made staple fibres,0,Textiles
5511,"Yarn of synthetic staple fibers, for retail sale",55,Man-made staple fibres,0,Textiles
5512,Woven fabrics of > 85% synthetic staple fibers,55,Man-made staple fibres,0,Textiles
5513,Woven fabrics of < 85% synthetic staple fibers weighing < 170 g/m2,55,Man-made staple fibres,0,Textiles
5514,Woven fabrics of < 85% synthetic staple fibers weighing > 170 g/m2,55,Man-made staple fibres,0,Textiles
5515,Other woven fabrics of synthetic staple fibers,55,Man-made staple fibres,0,Textiles
5516,Woven fabrics of artificial staple fibers,55,Man-made staple fibres,0,Textiles
5601,Wadding of textile materials,56,"Wadding, felt and nonwovens",0,Textiles
5602,Felt,56,"Wadding, felt and nonwovens",0,Textiles
5603,Nonwoven textiles,56,"Wadding, felt and nonwovens",0,Textiles
5604,Rubber textiles,56,"Wadding, felt and nonwovens",0,Textiles
5605,Metallised yarn,56,"Wadding, felt and nonwovens",0,Textiles
5606,Gimp yarn,56,"Wadding, felt and nonwovens",0,Textiles
5607,Twine and ropes of baste fibers,56,"Wadding, felt and nonwovens",0,Textiles
5608,Nets,56,"Wadding, felt and nonwovens",0,Textiles
5609,"Articles of yarn, rope etc not elsewhere clasified",56,"Wadding, felt and nonwovens",0,Textiles
5701,"Carpets, knotted",57,Carpets,0,Textiles
5702,Woven carpets and rugs,57,Carpets,0,Textiles
5703,"Carpets, tufted",57,Carpets,0,Textiles
5704,Carpets of felt,57,Carpets,0,Textiles
5705,Other carpets,57,Carpets,0,Textiles
5801,Woven pile fabrics,58,Special woven fabrics,0,Textiles
5802,Terry cloth,58,Special woven fabrics,0,Textiles
5803,Gauze,58,Special woven fabrics,0,Textiles
5804,Lace and net fabrics,58,Special woven fabrics,0,Textiles
5805,Hand-woven tapestries,58,Special woven fabrics,0,Textiles
5806,Narrow woven fabrics,58,Special woven fabrics,0,Textiles
5807,Labels and badges of textiles,58,Special woven fabrics,0,Textiles
5808,Braids in piece,58,Special woven fabrics,0,Textiles
5809,Woven fabric incorporating metal threads,58,Special woven fabrics,0,Textiles
5810,Embroidery in the piece,58,Special woven fabrics,0,Textiles
5811,Quilted textile products,58,Special woven fabrics,0,Textiles
5901,Stiffened textiles,59,"Impregnated, coated or laminated textile fabrics",0,Textiles
5902,Tire cord fabric,59,"Impregnated, coated or laminated textile fabrics",0,Textiles
5903,Textile fabrics impregnated with plastics,59,"Impregnated, coated or laminated textile fabrics",0,Textiles
5904,Linoleum,59,"Impregnated, coated or laminated textile fabrics",0,Textiles
5905,Textile wall coverings,59,"Impregnated, coated or laminated textile fabrics",0,Textiles
5906,Rubberized textile fabrics,59,"Impregnated, coated or laminated textile fabrics",0,Textiles
5907,"Other textile fabrics impregnated, coated or covered",59,"Impregnated, coated or laminated textile fabrics",0,Textiles
5908,Textile wicks,59,"Impregnated, coated or laminated textile fabrics",0,Textiles
5909,Textile hosepiping and similar tubing,59,"Impregnated, coated or laminated textile fabrics",0,Textiles
5910,"Transmission belts or belting, of textile material",59,"Impregnated, coated or laminated textile fabrics",0,Textiles
5911,Textile articles for technical use,59,"Impregnated, coated or laminated textile fabrics",0,Textiles
6001,"Pile fabrics, knit",60,Knitted fabrics,0,Textiles
6002,Other knitted fabrics,60,Knitted fabrics,0,Textiles
6101,"Men's overcoats, knit",61,"Apparel, knit",0,Textiles
6102,"Women's overcoats, knit",61,"Apparel, knit",0,Textiles
6103,"Men's suits, knit",61,"Apparel, knit",0,Textiles
6104,"Women's suits, knit",61,"Apparel, knit",0,Textiles
6105,"Men's shirts, knit",61,"Apparel, knit",0,Textiles
6106,"Women's shirts, knit",61,"Apparel, knit",0,Textiles
6107,"Men's undergarments, knit",61,"Apparel, knit",0,Textiles
6108,"Women's undergarments, knit",61,"Apparel, knit",0,Textiles
6109,"T-shirts, knit",61,"Apparel, knit",0,Textiles
6110,"Sweaters, pullovers, sweatshirts etc., knit",61,"Apparel, knit",0,Textiles
6111,"Babies' garments, knit",61,"Apparel, knit",0,Textiles
6112,"Activewear, knit",61,"Apparel, knit",0,Textiles
6113,Garments knit with impregnated fibers,61,"Apparel, knit",0,Textiles
6114,"Other garments, knit",61,"Apparel, knit",0,Textiles
6115,"Socks, stockings, etc., knit",61,"Apparel, knit",0,Textiles
6116,"Gloves, knit",61,"Apparel, knit",0,Textiles
6117,"Other clothing accesories, knit",61,"Apparel, knit",0,Textiles
6201,"Men's overcoats, not knit",62,"Apparel, not knit",0,Textiles
6202,"Womens overcoats, not knit",62,"Apparel, not knit",0,Textiles
6203,Men's suits and pants,62,"Apparel, not knit",0,Textiles
6204,Women's suits and pants,62,"Apparel, not knit",0,Textiles
6205,Men's shirts,62,"Apparel, not knit",0,Textiles
6206,Women's shirts,62,"Apparel, not knit",0,Textiles
6207,Men's undergarments,62,"Apparel, not knit",0,Textiles
6208,Women's undergarments,62,"Apparel, not knit",0,Textiles
6209,Babies' garments,62,"Apparel, not knit",0,Textiles
6210,Garments made of textile felts and nonwoven fabric,62,"Apparel, not knit",0,Textiles
6211,Activewear,62,"Apparel, not knit",0,Textiles
6212,Brassieres,62,"Apparel, not knit",0,Textiles
6213,Handkerchiefs,62,"Apparel, not knit",0,Textiles
6214,"Shawls, scarves, etc.",62,"Apparel, not knit",0,Textiles
6215,"Ties, bow ties and cravats",62,"Apparel, not knit",0,Textiles
6216,Gloves,62,"Apparel, not knit",0,Textiles
6217,Other clothing accesories,62,"Apparel, not knit",0,Textiles
6301,Blankets,63,Other made up textile articles,0,Textiles
6302,House linen,63,Other made up textile articles,0,Textiles
6303,Curtains,63,Other made up textile articles,0,Textiles
6304,Other furnishing articles,63,Other made up textile articles,0,Textiles
6305,Bags for packing goods,63,Other made up textile articles,0,Textiles
6306,"Tents, tarpaulins, etc.",63,Other made up textile articles,0,Textiles
6307,Other made up articles,63,Other made up textile articles,0,Textiles
6308,Needlecraft sets of woven fabric and yarn,63,Other made up textile articles,0,Textiles
6309,Used clothes and textiles,63,Other made up textile articles,0,Textiles
6310,Used or new rags textile scraps,63,Other made up textile articles,0,Textiles
6401,Waterproof footwear,64,Footwear,0,Textiles
6402,Other footwear of rubber or plastics,64,Footwear,0,Textiles
6403,Leather footwear,64,Footwear,0,Textiles
6404,Textile footwear,64,Footwear,0,Textiles
6405,Other footwear,64,Footwear,0,Textiles
6406,Parts of footwear,64,Footwear,0,Textiles
6501,Hat forms,65,Headgear,0,Textiles
6502,Hat shapes,65,Headgear,0,Textiles
6503,Felt hats,65,Headgear,0,Textiles
6504,Hats,65,Headgear,0,Textiles
6505,"Hats, knit",65,Headgear,0,Textiles
6506,Other headgear,65,Headgear,0,Textiles
6507,Headbands,65,Headgear,0,Textiles
6601,Umbrellas,66,Umbrellas and walking-sticks,0,Textiles
6602,Walking sticks,66,Umbrellas and walking-sticks,0,Textiles
6603,Parts of umbrellas or walking sticks,66,Umbrellas and walking-sticks,0,Textiles
6701,Feathers or down,67,Feathers and down,0,Textiles
6702,Artificial flowers,67,Feathers and down,0,Textiles
6703,Human animal hair prepared for use in wigs,67,Feathers and down,0,Textiles
6704,Wigs,67,Feathers and down,0,Textiles
6801,"Flagstones, of natural stone",68,"Articles of stone, plaster, cement, etc.",2,Stone
6802,Worked building stone,68,"Articles of stone, plaster, cement, etc.",2,Stone
6803,Worked slate,68,"Articles of stone, plaster, cement, etc.",2,Stone
6804,Grindstones,68,"Articles of stone, plaster, cement, etc.",2,Stone
6805,Natural or artificial abrasive powder,68,"Articles of stone, plaster, cement, etc.",2,Stone
6806,Mineral wools and insulating materials,68,"Articles of stone, plaster, cement, etc.",2,Stone
6807,Asphalt,68,"Articles of stone, plaster, cement, etc.",2,Stone
6808,Panels of vegetable fibers,68,"Articles of stone, plaster, cement, etc.",2,Stone
6809,Plaster articles,68,"Articles of stone, plaster, cement, etc.",2,Stone
6810,"Articles of cement, of concrete or of artificial stone",68,"Articles of stone, plaster, cement, etc.",2,Stone
6811,Asbestos-cement or cellulose fiber-cement,68,"Articles of stone, plaster, cement, etc.",2,Stone
6812,Asbestos fibres,68,"Articles of stone, plaster, cement, etc.",2,Stone
6813,Friction material and articles thereof,68,"Articles of stone, plaster, cement, etc.",2,Stone
6814,Mica articles,68,"Articles of stone, plaster, cement, etc.",2,Stone
6815,Articles of stone or of other mineral substances,68,"Articles of stone, plaster, cement, etc.",2,Stone
6901,"Bricks, blocks, and other ceramic goods",69,Ceramic products,2,Stone
6902,"Bricks, tiles and similar refractory ceramic constructional goods",69,Ceramic products,2,Stone
6903,Other refractory ceramic goods,69,Ceramic products,2,Stone
6904,Ceramic building bricks,69,Ceramic products,2,Stone
6905,Architectural ceramic ornaments,69,Ceramic products,2,Stone
6906,Ceramic pipes,69,Ceramic products,2,Stone
6907,Unglazed ceramic flags and pavers,69,Ceramic products,2,Stone
6908,Glazed ceramic flags and pavers,69,Ceramic products,2,Stone
6909,Ceramic wares for technical ware,69,Ceramic products,2,Stone
6910,"Ceramic sinks, washbasins, and similar sanitary fixtures",69,Ceramic products,2,Stone
6911,Porcelain or china household articles,69,Ceramic products,2,Stone
6912,Ceramic household articles,69,Ceramic products,2,Stone
6913,Ornamental ceramic articles,69,Ceramic products,2,Stone
6914,Other ceramic articles,69,Ceramic products,2,Stone
7001,Cullet and other scraps of glass,70,Glass and glassware,2,Stone
7002,Glass balls,70,Glass and glassware,2,Stone
7003,"Glass, cast or rolled",70,Glass and glassware,2,Stone
7004,Drawn and blown glass,70,Glass and glassware,2,Stone
7005,Float glass,70,Glass and glassware,2,Stone
7006,Worked glass,70,Glass and glassware,2,Stone
7007,Safety glass,70,Glass and glassware,2,Stone
7008,Multiple-walled insulating glass,70,Glass and glassware,2,Stone
7009,Glass mirrors,70,Glass and glassware,2,Stone
7010,Glass containers for conveyance,70,Glass and glassware,2,Stone
7011,Glass envelopes,70,Glass and glassware,2,Stone
7012,Glass inners for vacuum flasks,70,Glass and glassware,2,Stone
7013,Glassware for interior decorative use,70,Glass and glassware,2,Stone
7014,Signaling glassware,70,Glass and glassware,2,Stone
7015,Clock or watch glasses and similar glasses,70,Glass and glassware,2,Stone
7016,Glass paving blocks or other molded products,70,Glass and glassware,2,Stone
7017,"Laboratory, hygienic or pharmaceutical glassware",70,Glass and glassware,2,Stone
7018,Glass beads,70,Glass and glassware,2,Stone
7019,Glass fibers,70,Glass and glassware,2,Stone
7020,Other articles of glass,70,Glass and glassware,2,Stone
7101,Pearls,71,Precious metals and stones,2,Stone
7102,Diamonds,71,Precious metals and stones,2,Stone
7103,Precious stones,71,Precious metals and stones,2,Stone
7104,Synthetic precious stones,71,Precious metals and stones,2,Stone
7105,Diamond dust,71,Precious metals and stones,2,Stone
7106,Silver,71,Precious metals and stones,2,Stone
7107,Silver clad metals,71,Precious metals and stones,2,Stone
7108,Gold,71,Precious metals and stones,2,Stone
7109,Gold clad metals,71,Precious metals and stones,2,Stone
7110,Platinum,71,Precious metals and stones,2,Stone
7111,Platinum clad metals,71,Precious metals and stones,2,Stone
7112,Scrap of precious metal,71,Precious metals and stones,2,Stone
7113,Jewelry of precious metal,71,Precious metals and stones,2,Stone
7114,Goldsmith and silversmith wares,71,Precious metals and stones,2,Stone
7115,Other articles of precious metals,71,Precious metals and stones,2,Stone
7116,Articles of precious stones,71,Precious metals and stones,2,Stone
7117,Imitation jewelry,71,Precious metals and stones,2,Stone
7118,Coin,71,Precious metals and stones,2,Stone
7201,Pig iron,72,Iron and steel,4,Metals
7202,Ferroalloys,72,Iron and steel,4,Metals
7203,Ferrous products from the reduction of iron ore,72,Iron and steel,4,Metals
7204,Ferrous waste and scrap,72,Iron and steel,4,Metals
7205,Powders of iron or steel,72,Iron and steel,4,Metals
7206,Iron and nonalloy steel,72,Iron and steel,4,Metals
7207,Semifinished products of iron or nonalloy steel,72,Iron and steel,4,Metals
7208,"Flat-rolled iron, width > 600mm, hot-rolled, not clad",72,Iron and steel,4,Metals
7209,"Flat-rolled iron, width > 600mm, cold-rolled, not clad",72,Iron and steel,4,Metals
7210,"Flat rolled iron, width > 600mm, clad",72,Iron and steel,4,Metals
7211,"Flat-rolled iron, width < 600mm, not clad",72,Iron and steel,4,Metals
7212,"Flat-rolled iron, width < 600mm, clad",72,Iron and steel,4,Metals
7213,Hot rolled bars of iron,72,Iron and steel,4,Metals
7214,"Other bars of iron, not further worked than forged",72,Iron and steel,4,Metals
7215,Other bars and rods of iron or nonalloy steel,72,Iron and steel,4,Metals
7216,Angles of iron or nonalloy steel,72,Iron and steel,4,Metals
7217,Wire of iron or nonalloy steel,72,Iron and steel,4,Metals
7218,Stainless steel in ingots,72,Iron and steel,4,Metals
7219,Flat-rolled products of stainless steel of a width > 600 mm,72,Iron and steel,4,Metals
7220,Flat-rolled products of stainless steel of a width < 600 mm,72,Iron and steel,4,Metals
7221,"Bars of stainless steel, hot-rolled",72,Iron and steel,4,Metals
7222,Other bars and rods of stainless steel,72,Iron and steel,4,Metals
7223,Wire of stainless steel,72,Iron and steel,4,Metals
7224,Other alloy steel in primary form,72,Iron and steel,4,Metals
7225,"Flat-rolled products of other alloy steel, width > 600 mm",72,Iron and steel,4,Metals
7226,"Flat-rolled products of other alloy steel, width < 600 mm",72,Iron and steel,4,Metals
7227,Bars of other alloy steel,72,Iron and steel,4,Metals
7228,Other bars and rods of other alloy steel,72,Iron and steel,4,Metals
7229,Wire of other alloy steel,72,Iron and steel,4,Metals
7301,Sheet piling of iron or steel,73,Articles of iron or steel,4,Metals
7302,Railway construction material of iron or steel,73,Articles of iron or steel,4,Metals
7303,Tubes of cast iron,73,Articles of iron or steel,4,Metals
7304,"Tubes, seamless, of iron or steel",73,Articles of iron or steel,4,Metals
7305,"Other tubes and pipes, diameter > 406.4 mm, of iron or steel",73,Articles of iron or steel,4,Metals
7306,"Other tubes, pipes and hollow profiles of iron or steel",73,Articles of iron or steel,4,Metals
7307,Tube or pipe fittings of iron or steel,73,Articles of iron or steel,4,Metals
7308,"Structures and their parts, of iron or steel",73,Articles of iron or steel,4,Metals
7309,"Tanks etc. > 300 liters, iron or steel",73,Articles of iron or steel,4,Metals
7310,"Tanks etc. < 300 liters, iron or steel",73,Articles of iron or steel,4,Metals
7311,Containers for compressed or liquified gas,73,Articles of iron or steel,4,Metals
7312,"Wire of iron or steel, not insulated",73,Articles of iron or steel,4,Metals
7313,Barbed wire of iron or steel,73,Articles of iron or steel,4,Metals
7314,Cloth of iron or steel wire,73,Articles of iron or steel,4,Metals
7315,Chain of iron or steel,73,Articles of iron or steel,4,Metals
7316,Anchors of iron or steel,73,Articles of iron or steel,4,Metals
7317,Nails and similar articles of iron or steel,73,Articles of iron or steel,4,Metals
7318,Screws and similar articles of iron or steel,73,Articles of iron or steel,4,Metals
7319,Articles for sewing of iron or steel,73,Articles of iron or steel,4,Metals
7320,Springs of iron or steel,73,Articles of iron or steel,4,Metals
7321,Stoves and similar non-electric appliances of iron or steel,73,Articles of iron or steel,4,Metals
7322,Radiators for central heating of iron or steel,73,Articles of iron or steel,4,Metals
7323,Household articles of iron or steel,73,Articles of iron or steel,4,Metals
7324,Sanitary ware and parts of iron or steel,73,Articles of iron or steel,4,Metals
7325,Other cast articles of iron or steel,73,Articles of iron or steel,4,Metals
7326,Other articles of iron or steel,73,Articles of iron or steel,4,Metals
7401,Copper mattes,74,Copper,4,Metals
7402,Unrefined copper,74,Copper,4,Metals
7403,Refined copper and copper alloys,74,Copper,4,Metals
7404,Copper waste and scrap,74,Copper,4,Metals
7405,Master alloys of copper,74,Copper,4,Metals
7406,Copper powders and flakes,74,Copper,4,Metals
7407,"Copper bars, rods and profiles",74,Copper,4,Metals
7408,Copper wire,74,Copper,4,Metals
7409,"Copper plates, sheets and strip > 0.15 mm",74,Copper,4,Metals
7410,Copper foil < 0.15 mm thick,74,Copper,4,Metals
7411,Copper tubes and pipes,74,Copper,4,Metals
7412,Copper tube or pipe fittings,74,Copper,4,Metals
7413,"Copper wire, uninsulated",74,Copper,4,Metals
7414,Endless bands of copper wire for machinery,74,Copper,4,Metals
7415,Screws and similar articles of copper,74,Copper,4,Metals
7416,Copper springs,74,Copper,4,Metals
7417,Copper cooking products,74,Copper,4,Metals
7418,Household articles of copper,74,Copper,4,Metals
7419,Other articles of copper,74,Copper,4,Metals
7501,Nickel mattes,75,Nickel,4,Metals
7502,Nickel unwrought,75,Nickel,4,Metals
7503,Nickel waste and scrap,75,Nickel,4,Metals
7504,Nickel powders,75,Nickel,4,Metals
7505,"Nickel bars, wire etc.",75,Nickel,4,Metals
7506,Nickel plates,75,Nickel,4,Metals
7507,Nickel tubes and pipes,75,Nickel,4,Metals
7508,Other articles of nickel,75,Nickel,4,Metals
7601,Unwrought aluminum,76,Aluminium,4,Metals
7602,"Waste or scrap, aluminium",76,Aluminium,4,Metals
7603,Aluminum powders,76,Aluminium,4,Metals
7604,Aluminum bars,76,Aluminium,4,Metals
7605,Aluminum wire,76,Aluminium,4,Metals
7606,Aluminum plates > 0.2 mm,76,Aluminium,4,Metals
7607,Aluminum foil < 0.2 mm,76,Aluminium,4,Metals
7608,Aluminum tubes and pipes,76,Aluminium,4,Metals
7609,Aluminum tube or pipe fittings,76,Aluminium,4,Metals
7610,"Aluminum structures (bridges, towers etc)",76,Aluminium,4,Metals
7611,"Aluminum containers, >300 liters",76,Aluminium,4,Metals
7612,"Aluminum containers, <300 liters",76,Aluminium,4,Metals
7613,Aluminum containers for compressed or liquefied gas,76,Aluminium,4,Metals
7614,"Aluminum wire, not insulated",76,Aluminium,4,Metals
7615,Household articles of aluminum,76,Aluminium,4,Metals
7616,Other articles of aluminum,76,Aluminium,4,Metals
7801,Lead refined unwrought,78,Lead,4,Metals
7802,Lead waste or scrap,78,Lead,4,Metals
7803,"Lead bars, rods, profiles and wire",78,Lead,4,Metals
7804,Lead foil <2mm,78,Lead,4,Metals
7805,"Lead tubes, pipes and fittings",78,Lead,4,Metals
7806,Other articles of lead,78,Lead,4,Metals
7901,Unwrought zinc,79,Zinc,4,Metals
7902,Zinc waste and scrap,79,Zinc,4,Metals
7903,Zinc powders,79,Zinc,4,Metals
7904,Zinx bars and wire,79,Zinc,4,Metals
7905,Zinc plates and foil,79,Zinc,4,Metals
7906,"Zinc tubes, pipes and tube or pipe fittings",79,Zinc,4,Metals
7907,Other articles of zinc,79,Zinc,4,Metals
8001,Unwrought tin,80,Tin,4,Metals
8002,Tin waste and scrap,80,Tin,4,Metals
8003,Tin bars and wire,80,Tin,4,Metals
8004,"Tin plates, sheets and strips, thickness > 0.2 mm",80,Tin,4,Metals
8005,"Tin foil, thickness < 0.2 mm",80,Tin,4,Metals
8006,Tin pipes or tubes and pipe fittings,80,Tin,4,Metals
8007,Other articles of tin,80,Tin,4,Metals
8101,Tungsten (wolfram),81,Other base metals,4,Metals
8102,Molybdenum,81,Other base metals,4,Metals
8103,Tantalum,81,Other base metals,4,Metals
8104,Magnesium,81,Other base metals,4,Metals
8105,Cobalt,81,Other base metals,4,Metals
8106,Bismuth,81,Other base metals,4,Metals
8107,Cadmium,81,Other base metals,4,Metals
8108,Titanium,81,Other base metals,4,Metals
8109,Zirconium,81,Other base metals,4,Metals
8110,Antimony,81,Other base metals,4,Metals
8111,Manganese,81,Other base metals,4,Metals
8112,Other metals,81,Other base metals,4,Metals
8113,Cermets,81,Other base metals,4,Metals
8201,Handtools for gardening,82,Metal tools and tableware,4,Metals
8202,Handsaws,82,Metal tools and tableware,4,Metals
8203,"Pliers, pincers and other metal handtools",82,Metal tools and tableware,4,Metals
8204,Wrenches,82,Metal tools and tableware,4,Metals
8205,Hand tools n.e.c.,82,Metal tools and tableware,4,Metals
8206,Retail tool sets,82,Metal tools and tableware,4,Metals
8207,Interchangeable tools for hand tools,82,Metal tools and tableware,4,Metals
8208,Knives and blades for machines,82,Metal tools and tableware,4,Metals
8209,"Articles for utensils, of cermet",82,Metal tools and tableware,4,Metals
8210,"Hand-operated appliances, food preparation, <10kg",82,Metal tools and tableware,4,Metals
8211,Knife sets,82,Metal tools and tableware,4,Metals
8212,Razors,82,Metal tools and tableware,4,Metals
8213,Scissors,82,Metal tools and tableware,4,Metals
8214,Other cutlery,82,Metal tools and tableware,4,Metals
8215,Cutlery,82,Metal tools and tableware,4,Metals
8301,Padlocks and locks,83,Miscellaneous articles of base metal,4,Metals
8302,"Base metal mountings, fittings and similar articles",83,Miscellaneous articles of base metal,4,Metals
8303,Safes,83,Miscellaneous articles of base metal,4,Metals
8304,"Paper trays and similar office equipment, of base metal",83,Miscellaneous articles of base metal,4,Metals
8305,"Paper clips and similar office articles, of metal",83,Miscellaneous articles of base metal,4,Metals
8306,"Ornaments, statuettes, etc. of metal",83,Miscellaneous articles of base metal,4,Metals
8307,Flexible tubing of base metal,83,Miscellaneous articles of base metal,4,Metals
8308,"Clasps, buckles etc. of metal",83,Miscellaneous articles of base metal,4,Metals
8309,"Stoppers, caps and lids of metal",83,Miscellaneous articles of base metal,4,Metals
8310,Sign plates and similar plates of base metal,83,Miscellaneous articles of base metal,4,Metals
8311,Wire etc. used for welding,83,Miscellaneous articles of base metal,4,Metals
8401,Nuclear reactors and related equipment,84,Industrial Machinery,7,Machinery
8402,Steam boilers,84,Industrial Machinery,7,Machinery
8403,Central heating boilers,84,Industrial Machinery,7,Machinery
8404,Auxiliary parts for use with boilers,84,Industrial Machinery,7,Machinery
8405,Water gas generators,84,Industrial Machinery,7,Machinery
8406,Steam turbines,84,Industrial Machinery,7,Machinery
8407,Spark-ignition reciprocating internal combustion piston engines,84,Industrial Machinery,7,Machinery
8408,Compression-ignition internal combustion piston engines,84,Industrial Machinery,7,Machinery
8409,Parts suitable for use with spark-ignition engines,84,Industrial Machinery,7,Machinery
8410,"Hydraulic turbines, water wheels and regulators",84,Industrial Machinery,7,Machinery
8411,Gas turbines,84,Industrial Machinery,7,Machinery
8412,Other engines and motors,84,Industrial Machinery,7,Machinery
8413,Pumps for liquids,84,Industrial Machinery,7,Machinery
8414,"Pumps, compressors, fans, etc.",84,Industrial Machinery,7,Machinery
8415,Air conditioners,84,Industrial Machinery,7,Machinery
8416,Furnace burners,84,Industrial Machinery,7,Machinery
8417,Industrial furnaces,84,Industrial Machinery,7,Machinery
8418,"Refrigerators, freezers",84,Industrial Machinery,7,Machinery
8419,Equipment for temperature change of materials,84,Industrial Machinery,7,Machinery
8420,"Calendering or other rolling machines, other than for metals or glass",84,Industrial Machinery,7,Machinery
8421,Centrifuges,84,Industrial Machinery,7,Machinery
8422,Dish washing machines,84,Industrial Machinery,7,Machinery
8423,Weighing machinery,84,Industrial Machinery,7,Machinery
8424,Sprays and powder dispersers,84,Industrial Machinery,7,Machinery
8425,Pulleys and winches,84,Industrial Machinery,7,Machinery
8426,Ships' derricks; cranes,84,Industrial Machinery,7,Machinery
8427,Fork-lift trucks,84,Industrial Machinery,7,Machinery
8428,Other lifting machinery,84,Industrial Machinery,7,Machinery
8429,"Self-propelled bulldozers, excavators and road rollers",84,Industrial Machinery,7,Machinery
8430,"Other moving, excavating or boring machinery",84,Industrial Machinery,7,Machinery
8431,Parts for use with hoists and excavation machinery,84,Industrial Machinery,7,Machinery
8432,Machinery for soil preparation or cultivation,84,Industrial Machinery,7,Machinery
8433,Harvesting or agricultural machinery,84,Industrial Machinery,7,Machinery
8434,Dairy machinery,84,Industrial Machinery,7,Machinery
8435,Machines for wine and juice production,84,Industrial Machinery,7,Machinery
8436,Other agricultural machinery,84,Industrial Machinery,7,Machinery
8437,Machinery for processing grain,84,Industrial Machinery,7,Machinery
8438,Machinery for the industrial preparation of food or drink,84,Industrial Machinery,7,Machinery
8439,Machinery for making paper,84,Industrial Machinery,7,Machinery
8440,Bookbinding machinery,84,Industrial Machinery,7,Machinery
8441,Other machinery for making paper,84,Industrial Machinery,7,Machinery
8442,Machinery for making printing components,84,Industrial Machinery,7,Machinery
8443,Printers and copiers,84,Industrial Machinery,7,Machinery
8444,"Machines to extrude, cut manmade textile fibres",84,Industrial Machinery,7,Machinery
8445,Machines for preparing textile fibers,84,Industrial Machinery,7,Machinery
8446,Looms,84,Industrial Machinery,7,Machinery
8447,Knitting machines,84,Industrial Machinery,7,Machinery
8448,Auxiliary machinery for use with knitting and textile machines,84,Industrial Machinery,7,Machinery
8449,Machinery to manufacture felt,84,Industrial Machinery,7,Machinery
8450,Household- or laundry-type washing machines,84,Industrial Machinery,7,Machinery
8451,Machinery for processing fabrics,84,Industrial Machinery,7,Machinery
8452,Sewing machines,84,Industrial Machinery,7,Machinery
8453,Machinery for preparing leather,84,Industrial Machinery,7,Machinery
8454,Machines used in metallurgy,84,Industrial Machinery,7,Machinery
8455,Metal-rolling mills,84,Industrial Machinery,7,Machinery
8456,Machines for working materials by laser and similar means,84,Industrial Machinery,7,Machinery
8457,Machining centers for working metal,84,Industrial Machinery,7,Machinery
8458,Lathes for removing metal,84,Industrial Machinery,7,Machinery
8459,Machine tools for drilling by removing metal,84,Industrial Machinery,7,Machinery
8460,Machines with grinding stones for finishing metal,84,Industrial Machinery,7,Machinery
8461,Other machine tools for planing and cutting metals,84,Industrial Machinery,7,Machinery
8462,Machine tools for molding and forging metals,84,Industrial Machinery,7,Machinery
8463,"Other machine tools for working metal, without removal",84,Industrial Machinery,7,Machinery
8464,Machine tools for working stone,84,Industrial Machinery,7,Machinery
8465,Machine tools for working wood,84,Industrial Machinery,7,Machinery
8466,Parts and accessories for metal working machines,84,Industrial Machinery,7,Machinery
8467,"Tools for hand working, pneumatic, hydraulic motors",84,Industrial Machinery,7,Machinery
8468,Machinery for soldering,84,Industrial Machinery,7,Machinery
8469,Word processing machines,84,Industrial Machinery,7,Machinery
8470,"Cash registers, calculators, etc.",84,Industrial Machinery,7,Machinery
8471,Computers,84,Industrial Machinery,7,Machinery
8472,Other office machines,84,Industrial Machinery,7,Machinery
8473,Parts and accessories for office machines,84,Industrial Machinery,7,Machinery
8474,Machinery for working minerals,84,Industrial Machinery,7,Machinery
8475,Machines for assembling electric lamps,84,Industrial Machinery,7,Machinery
8476,Automatic goods-vending machines,84,Industrial Machinery,7,Machinery
8477,Machinery for working rubber or plastics,84,Industrial Machinery,7,Machinery
8478,Machinery for preparing tobacco,84,Industrial Machinery,7,Machinery
8479,Machines n.e.c.,84,Industrial Machinery,7,Machinery
8480,Molding boxes for metal foundry,84,Industrial Machinery,7,Machinery
8481,Appliances for thermostatically controlled valves,84,Industrial Machinery,7,Machinery
8482,Ball or roller bearings,84,Industrial Machinery,7,Machinery
8483,Transmission shafts,84,Industrial Machinery,7,Machinery
8484,Gaskets and similar joints of metal sheeting,84,Industrial Machinery,7,Machinery
8485,"Machinery parts, not containing electrical features, n.e.c.",84,Industrial Machinery,7,Machinery
8501,Electric motors and generators,85,Electrical machinery and equipment,8,Electronics
8502,Electric generating sets and rotary converters,85,Electrical machinery and equipment,8,Electronics
8503,Parts for use with electric generators,85,Electrical machinery and equipment,8,Electronics
8504,Electrical transformers,85,Electrical machinery and equipment,8,Electronics
8505,Electromagnets,85,Electrical machinery and equipment,8,Electronics
8506,Primary cells and primary batteries,85,Electrical machinery and equipment,8,Electronics
8507,Batteries,85,Electrical machinery and equipment,8,Electronics
8508,Vacuum cleaners,85,Electrical machinery and equipment,8,Electronics
8509,Electromechanical domestic appliances,85,Electrical machinery and equipment,8,Electronics
8510,Electric shavers and hair clippers,85,Electrical machinery and equipment,8,Electronics
8511,Electrical ignition equipment,85,Electrical machinery and equipment,8,Electronics
8512,Electrical lighting equipment used for motor vehicles,85,Electrical machinery and equipment,8,Electronics
8513,Portable electric lamps,85,Electrical machinery and equipment,8,Electronics
8514,Industrial electric furnaces,85,Electrical machinery and equipment,8,Electronics
8515,Electric soldering machines,85,Electrical machinery and equipment,8,Electronics
8516,Electric heaters,85,Electrical machinery and equipment,8,Electronics
8517,Telephones,85,Electrical machinery and equipment,8,Electronics
8518,Microphones,85,Electrical machinery and equipment,8,Electronics
8519,Sound reproducing apparatus,85,Electrical machinery and equipment,8,Electronics
8520,Magnetic tape recorders,85,Electrical machinery and equipment,8,Electronics
8521,Video recording apparatus,85,Electrical machinery and equipment,8,Electronics
8522,Parts and accessories for video or sound equipment,85,Electrical machinery and equipment,8,Electronics
8523,Sound storage media,85,Electrical machinery and equipment,8,Electronics
8524,"Tapes, cassettes, records and compact disks",85,Electrical machinery and equipment,8,Electronics
8525,"Transmission apparatus for radio, telephone and TV",85,Electrical machinery and equipment,8,Electronics
8526,Radar,85,Electrical machinery and equipment,8,Electronics
8527,Reception apparatus for radio broadcasting,85,Electrical machinery and equipment,8,Electronics
8528,Monitors and projectors,85,Electrical machinery and equipment,8,Electronics
8529,"Parts of radios, telephones, and T.V.s",85,Electrical machinery and equipment,8,Electronics
8530,Electric signal and traffic controls,85,Electrical machinery and equipment,8,Electronics
8531,Electric sound or visual signaling apparatus,85,Electrical machinery and equipment,8,Electronics
8532,Electrical capacitors,85,Electrical machinery and equipment,8,Electronics
8533,Electrical resistors,85,Electrical machinery and equipment,8,Electronics
8534,Electronic printed circuits,85,Electrical machinery and equipment,8,Electronics
8535,Electrical apparatus for > 1k volts,85,Electrical machinery and equipment,8,Electronics
8536,Electrical apparatus for < 1k volts,85,Electrical machinery and equipment,8,Electronics
8537,Electrical boards,85,Electrical machinery and equipment,8,Electronics
8538,Parts for electrical apparatus,85,Electrical machinery and equipment,8,Electronics
8539,Electrical filament,85,Electrical machinery and equipment,8,Electronics
8540,"Thermionic, cold cathode or photocathode tubes",85,Electrical machinery and equipment,8,Electronics
8541,Semiconductor devices,85,Electrical machinery and equipment,8,Electronics
8542,Electronic integrated circuits,85,Electrical machinery and equipment,8,Electronics
8543,Electrical machines with individual functions n.e.c.,85,Electrical machinery and equipment,8,Electronics
8544,Insulated electrical wire,85,Electrical machinery and equipment,8,Electronics
8545,Carbon articles for eletrical purposes,85,Electrical machinery and equipment,8,Electronics
8546,Electrical insulators of any material,85,Electrical machinery and equipment,8,Electronics
8547,Insulating fittings for electrical machines,85,Electrical machinery and equipment,8,Electronics
8548,Waste and scrap of batteries,85,Electrical machinery and equipment,8,Electronics
8601,Electric trains,86,Trains,6,Vehicles
8602,Other rail locomotives,86,Trains,6,Vehicles
8603,Self-propelled railway coaches,86,Trains,6,Vehicles
8604,Railway service vehicles,86,Trains,6,Vehicles
8605,"Railway coaches, not self-propelled",86,Trains,6,Vehicles
8606,"Railway cars, not self-propelled",86,Trains,6,Vehicles
8607,Parts of railway locomotives,86,Trains,6,Vehicles
8608,Railway track fixtures,86,Trains,6,Vehicles
8609,Containers for multimodal transportation,86,Trains,6,Vehicles
8701,Tractors,87,Vehicles,6,Vehicles
8702,Buses,87,Vehicles,6,Vehicles
8703,Cars,87,Vehicles,6,Vehicles
8704,Motor vehicles for transporting goods,87,Vehicles,6,Vehicles
8705,Special purpose motor vehicles,87,Vehicles,6,Vehicles
8706,Vehicle chassis fitted with engines,87,Vehicles,6,Vehicles
8707,Vehicle Bodies,87,Vehicles,6,Vehicles
8708,Parts of motor vehicles,87,Vehicles,6,Vehicles
8709,Work trucks,87,Vehicles,6,Vehicles
8710,Tanks and other armored fighting vehicles,87,Vehicles,6,Vehicles
8711,Motorcycles,87,Vehicles,6,Vehicles
8712,Bicycles,87,Vehicles,6,Vehicles
8713,Wheelchairs,87,Vehicles,6,Vehicles
8714,Parts of motorcycles or wheelchairs,87,Vehicles,6,Vehicles
8715,Baby carriages,87,Vehicles,6,Vehicles
8716,Trailers and semi-trailers,87,Vehicles,6,Vehicles
8801,"Gliders, hang gliders",88,Aircraft,6,Vehicles
8802,Other aircraft and spacecraft,88,Aircraft,6,Vehicles
8803,Parts of other aircraft,88,Aircraft,6,Vehicles
8804,Parachutes,88,Aircraft,6,Vehicles
8805,Aircraft launching gear,88,Aircraft,6,Vehicles
8901,Cargo ships and similar vessels,89,Ships,6,Vehicles
8902,Fishing vessels,89,Ships,6,Vehicles
8903,Pleasure or sport boats,89,Ships,6,Vehicles
8904,Tugs and pusher craft,89,Ships,6,Vehicles
8905,"Special function vessels, n.e.c.",89,Ships,6,Vehicles
8906,Other vessels,89,Ships,6,Vehicles
8907,Other floating structures,89,Ships,6,Vehicles
8908,Floating structures for scrapping,89,Ships,6,Vehicles
9001,Optical fibers,90,"Apparatuses (optical, medical, etc.)",7,Machinery
9002,Lenses and other optical elements,90,"Apparatuses (optical, medical, etc.)",7,Machinery
9003,"Frames for spectacles, goggles",90,"Apparatuses (optical, medical, etc.)",7,Machinery
9004,Glasses,90,"Apparatuses (optical, medical, etc.)",7,Machinery
9005,Binoculars and telescopes,90,"Apparatuses (optical, medical, etc.)",7,Machinery
9006,Photographic cameras,90,"Apparatuses (optical, medical, etc.)",7,Machinery
9007,Cinematographic cameras and projectors,90,"Apparatuses (optical, medical, etc.)",7,Machinery
9008,Still image projectors,90,"Apparatuses (optical, medical, etc.)",7,Machinery
9009,Electrostatic photo-copyers,90,"Apparatuses (optical, medical, etc.)",7,Machinery
9010,"Apparatus and equipment for photographic laboratories, n.e.c.",90,"Apparatuses (optical, medical, etc.)",7,Machinery
9011,Optical microscopes,90,"Apparatuses (optical, medical, etc.)",7,Machinery
9012,"Microscopes, other than optical",90,"Apparatuses (optical, medical, etc.)",7,Machinery
9013,Liquid crystal devices,90,"Apparatuses (optical, medical, etc.)",7,Machinery
9014,Navigational instruments,90,"Apparatuses (optical, medical, etc.)",7,Machinery
9015,Surveying instruments,90,"Apparatuses (optical, medical, etc.)",7,Machinery
9016,Balances of a sensitivity < 50 milligram,90,"Apparatuses (optical, medical, etc.)",7,Machinery
9017,Drafting tables and machines,90,"Apparatuses (optical, medical, etc.)",7,Machinery
9018,Medical instruments,90,"Apparatuses (optical, medical, etc.)",7,Machinery
9019,Therapy applicances,90,"Apparatuses (optical, medical, etc.)",7,Machinery
9020,Other breathing appliances and gas masks,90,"Apparatuses (optical, medical, etc.)",7,Machinery
9021,Orthopedic appliances,90,"Apparatuses (optical, medical, etc.)",7,Machinery
9022,X-ray machines,90,"Apparatuses (optical, medical, etc.)",7,Machinery
9023,Instruments designed for demonstrational purposes,90,"Apparatuses (optical, medical, etc.)",7,Machinery
9024,Machines for testing the mechanical properties of materials,90,"Apparatuses (optical, medical, etc.)",7,Machinery
9025,"Thermometers, hydrometers etc.",90,"Apparatuses (optical, medical, etc.)",7,Machinery
9026,Instruments for measuring properties of liquids or gases,90,"Apparatuses (optical, medical, etc.)",7,Machinery
9027,Instruments for physical or chemical analysis,90,"Apparatuses (optical, medical, etc.)",7,Machinery
9028,"Gas, liquid or electricity meters",90,"Apparatuses (optical, medical, etc.)",7,Machinery
9029,Meters,90,"Apparatuses (optical, medical, etc.)",7,Machinery
9030,Instruments for measuring electricity,90,"Apparatuses (optical, medical, etc.)",7,Machinery
9031,Measuring instruments,90,"Apparatuses (optical, medical, etc.)",7,Machinery
9032,Automatic regulating instruments,90,"Apparatuses (optical, medical, etc.)",7,Machinery
9033,Other parts for machines and appliances,90,"Apparatuses (optical, medical, etc.)",7,Machinery
9101,Watches with precious metal,91,Clocks,7,Machinery
9102,Watches,91,Clocks,7,Machinery
9103,Clocks with watch movements,91,Clocks,7,Machinery
9104,Instrument panel clocks for vehicles,91,Clocks,7,Machinery
9105,Other clocks,91,Clocks,7,Machinery
9106,Apparatus for measuring intervals of time,91,Clocks,7,Machinery
9107,Time switches,91,Clocks,7,Machinery
9108,"Watch movements, complete",91,Clocks,7,Machinery
9109,"Clock movements, complete",91,Clocks,7,Machinery
9110,"Clock movements, complete, unassembled",91,Clocks,7,Machinery
9111,Watch cases and parts,91,Clocks,7,Machinery
9112,Clock cases,91,Clocks,7,Machinery
9113,Watch straps,91,Clocks,7,Machinery
9114,Other clock or watch parts,91,Clocks,7,Machinery
9201,Pianos,92,Musical instruments,7,Machinery
9202,"Musical instruments, string",92,Musical instruments,7,Machinery
9203,"Harmoniums, pipe organs, etc",92,Musical instruments,7,Machinery
9204,Accordions and similar instruments,92,Musical instruments,7,Machinery
9205,"Musical instruments, wind",92,Musical instruments,7,Machinery
9206,"Musical instruments, percussion",92,Musical instruments,7,Machinery
9207,"Musical instruments, electric",92,Musical instruments,7,Machinery
9208,"Other musical instruments, n.e.c.",92,Musical instruments,7,Machinery
9209,Parts of musical instruments,92,Musical instruments,7,Machinery
9301,"Military weapons, other than pistols and swords",93,Arms and ammunition,7,Machinery
9302,Revolvers and pistols,93,Arms and ammunition,7,Machinery
9303,Other firearms,93,Arms and ammunition,7,Machinery
9304,"Other arms (air guns, truncheons, etc.)",93,Arms and ammunition,7,Machinery
9305,Parts of military weapons,93,Arms and ammunition,7,Machinery
9306,Munitions of war,93,Arms and ammunition,7,Machinery
9307,Swords,93,Arms and ammunition,7,Machinery
9401,Seats,94,Furniture,0,Textiles
9402,"Medical, dental or veterinary furniture",94,Furniture,0,Textiles
9403,Other furniture and parts,94,Furniture,0,Textiles
9404,Mattresses and bedding,94,Furniture,0,Textiles
9405,Lamps,94,Furniture,0,Textiles
9406,Prefabricated buildings,94,Furniture,0,Textiles
9501,"Rideable wheeled toys, dolls carriages",95,Toys,7,Machinery
9502,Dolls,95,Toys,7,Machinery
9503,Toys,95,Toys,7,Machinery
9504,Games,95,Toys,7,Machinery
9505,Christmas and other festivity articles,95,Toys,7,Machinery
9506,Sports equipment,95,Toys,7,Machinery
9507,Fishing and hunting equipment,95,Toys,7,Machinery
9508,Fairground amusements,95,Toys,7,Machinery
9601,Worked animal carving material,96,Miscellaneous manufactured articles,7,Machinery
9602,Worked vegetable or mineral carving material,96,Miscellaneous manufactured articles,7,Machinery
9603,Brooms and mops,96,Miscellaneous manufactured articles,7,Machinery
9604,Hand sieves and riddles,96,Miscellaneous manufactured articles,7,Machinery
9605,Travel sets,96,Miscellaneous manufactured articles,7,Machinery
9606,Buttons,96,Miscellaneous manufactured articles,7,Machinery
9607,Slide fasteners,96,Miscellaneous manufactured articles,7,Machinery
9608,Pens,96,Miscellaneous manufactured articles,7,Machinery
9609,"Pencils, crayons, pastels, etc.",96,Miscellaneous manufactured articles,7,Machinery
9610,"Slates and boards, with writing or drawing surfaces",96,Miscellaneous manufactured articles,7,Machinery
9611,Hand-operated stamps,96,Miscellaneous manufactured articles,7,Machinery
9612,Typewriter ribbons and ink pads,96,Miscellaneous manufactured articles,7,Machinery
9613,Cigarette lighters,96,Miscellaneous manufactured articles,7,Machinery
9614,Smoking pipes,96,Miscellaneous manufactured articles,7,Machinery
9615,"Combs, hair-slides etc.",96,Miscellaneous manufactured articles,7,Machinery
9616,Scent sprays,96,Miscellaneous manufactured articles,7,Machinery
9617,Vacuum vessels,96,Miscellaneous manufactured articles,7,Machinery
9618,Mannequins,96,Miscellaneous manufactured articles,7,Machinery
9701,Paintings and drawings,97,Art,0,Textiles
9702,Original engravings,97,Art,0,Textiles
9703,Sculptures,97,Art,0,Textiles
9704,Postage or revenue stamps,97,Art,0,Textiles
9705,Collectors pieces,97,Art,0,Textiles
9706,Antiques >100 years,97,Art,0,Textiles
9999,Commodities not specified according to kind,99,Other,9,Other
XXXX,Trade data discrepancies,99,Other,9,Other
